photos,price_reduced_amount,description.sold_price,description.sqft,description.baths,description.garage,description.stories,description.beds,products.brand_name,description.type_townhomes,days_listed,n_amenities,n_high_amenities,age_yrs,n_rooms
0,0.0,129900.0,1478.0,2.0,2.0,1.0,3.0,1,0,28,10.0,4.0,26,5.0
1,3000.0,88500.0,1389.0,2.0,1.0,2.0,4.0,1,0,67,1.0,1.0,79,6.0
0,0.0,145000.0,2058.0,2.0,0.0,1.0,3.0,1,0,28,4.0,1.0,55,5.0
1,9000.0,65000.0,1432.0,2.0,0.0,1.0,3.0,1,0,195,3.0,1.0,69,5.0
1,5000.0,169000.0,1804.0,2.0,0.0,1.0,3.0,2,0,75,3.0,1.0,40,5.0
1,0.0,180000.0,1476.0,2.0,0.0,1.0,3.0,2,0,35,7.0,3.0,25,5.0
1,5001.0,260000.0,1888.0,2.0,0.0,1.0,4.0,1,0,46,9.0,3.0,23,6.0
1,0.0,60000.0,1722.0,2.0,0.0,1.0,3.0,1,0,322,0.0,0.0,62,5.0
1,0.0,159000.0,1635.0,2.0,2.0,1.0,3.0,1,0,43,6.0,4.0,59,5.0
1,0.0,424900.0,3339.0,3.0,0.0,2.0,3.0,2,0,133,9.0,5.0,50,6.0
1,0.0,370000.0,1630.5,0.0,0.0,1.0,0.0,1,0,497,1.0,0.0,52,0.0
1,0.0,140000.0,1576.0,2.0,0.0,1.0,3.0,2,0,35,4.0,0.0,55,5.0
1,0.0,149900.0,1736.0,1.0,0.0,1.0,3.0,1,0,30,8.0,3.0,70,4.0
1,0.0,45000.0,1434.0,1.0,0.0,1.0,2.0,2,0,29,3.0,1.0,58,3.0
1,10000.0,310000.0,2134.0,2.0,2.0,1.0,4.0,2,0,136,9.0,6.0,18,6.0
1,0.0,147000.0,1650.0,2.0,0.0,1.0,3.0,2,0,77,5.0,0.0,38,5.0
1,0.0,195000.0,2264.0,2.0,2.0,1.0,5.0,1,0,169,7.0,2.0,56,7.0
1,0.0,136000.0,1752.0,2.0,2.0,1.0,3.0,2,0,61,2.0,0.0,56,5.0
1,0.0,31500.0,961.0,1.0,0.0,1.0,3.0,1,0,0,3.0,1.0,66,4.0
1,5000.0,178000.0,1892.0,2.0,0.0,1.0,4.0,1,0,62,6.0,2.0,57,6.0
1,0.0,172500.0,1699.0,2.0,0.0,1.0,4.0,1,0,34,5.0,3.0,49,6.0
1,0.0,150000.0,1833.0,2.0,2.0,1.0,3.0,1,0,76,8.0,2.0,62,5.0
1,20000.0,170000.0,3092.0,3.0,0.0,1.0,3.0,1,0,122,5.0,2.0,79,6.0
1,0.0,125000.0,1380.0,1.0,0.0,1.0,3.0,2,0,60,4.0,1.0,67,4.0
1,0.0,162000.0,1539.0,2.0,0.0,1.0,3.0,1,0,57,10.0,6.0,40,5.0
1,0.0,111200.0,1178.0,2.0,0.0,1.0,3.0,1,0,57,9.0,4.0,74,5.0
1,0.0,63000.0,1290.0,1.0,1.0,1.0,3.0,2,0,61,5.0,1.0,76,4.0
1,0.0,106000.0,2349.0,2.0,0.0,1.0,4.0,2,0,74,3.0,0.0,60,6.0
1,0.0,245000.0,1742.0,2.0,2.0,1.0,3.0,1,0,80,8.0,4.0,23,5.0
1,15500.0,310000.0,3137.0,3.0,0.0,1.0,4.0,1,0,150,9.0,4.0,35,7.0
1,7900.0,100000.0,1471.0,1.0,0.0,1.0,3.0,1,0,106,1.0,0.0,74,4.0
1,0.0,95900.0,1200.0,2.0,0.0,1.0,3.0,2,0,32,6.0,3.0,53,5.0
0,0.0,375000.0,4483.0,4.0,2.0,2.0,4.0,1,0,105,9.0,4.0,84,8.0
1,0.0,320000.0,2488.0,2.0,2.0,1.0,3.0,1,0,33,9.0,4.0,20,5.0
1,100.0,120000.0,1747.0,2.0,0.0,1.0,3.0,2,0,91,2.0,0.0,53,5.0
1,0.0,283000.0,2069.0,2.0,2.0,1.0,4.0,1,0,54,9.0,3.0,30,6.0
1,0.0,284500.0,2124.0,2.0,0.0,1.0,4.0,1,0,48,8.0,3.0,30,6.0
1,0.0,160000.0,1475.0,2.0,0.0,1.0,2.0,1,0,55,6.0,2.0,35,4.0
1,5100.0,439900.0,3050.0,4.0,2.0,2.0,4.0,2,0,102,7.0,3.0,2,8.0
1,0.0,68250.0,2556.0,2.0,0.0,1.0,3.0,1,0,99,4.0,1.0,56,5.0
1,10000.0,385000.0,3288.0,4.0,2.0,2.0,4.0,1,0,167,10.0,5.0,37,8.0
1,0.0,139900.0,1500.0,2.0,0.0,1.0,4.0,1,0,28,3.0,2.0,46,6.0
1,0.0,115000.0,2240.0,2.0,0.0,1.0,3.0,1,0,149,5.0,2.0,48,5.0
1,0.0,140267.0,2210.0,3.0,0.0,1.0,3.0,2,0,99,2.0,1.0,69,6.0
1,0.0,173000.0,1249.0,2.0,0.0,1.0,2.0,2,0,80,8.0,4.0,15,4.0
1,10000.0,215000.0,1900.0,2.0,0.0,1.0,4.0,1,0,88,8.0,3.0,54,6.0
1,0.0,161000.0,1280.0,2.0,0.0,1.0,3.0,2,0,35,2.0,2.0,70,5.0
1,10500.0,359500.0,2080.0,2.0,2.0,1.0,4.0,1,0,77,4.0,2.0,5,6.0
1,0.0,205000.0,1830.0,2.0,0.0,1.0,3.0,1,0,47,1.0,1.0,26,5.0
1,4900.0,162000.0,1446.0,2.0,0.0,1.0,3.0,1,0,211,1.0,1.0,67,5.0
1,0.0,1170000.0,3928.0,5.0,3.0,3.0,4.0,1,0,46,5.0,4.0,6,9.0
1,0.0,225000.0,1633.0,3.0,2.0,2.0,3.0,1,0,59,6.0,3.0,45,6.0
1,10000.0,115000.0,754.0,1.0,0.0,1.0,2.0,1,0,87,2.0,1.0,69,3.0
1,0.0,63000.0,2184.0,2.0,3.0,1.0,4.0,2,0,42,2.0,1.0,84,6.0
1,4000.0,135000.0,1119.0,1.0,0.0,1.0,3.0,2,0,91,1.0,0.0,70,4.0
1,0.0,150000.0,1386.0,2.0,2.0,1.0,3.0,2,0,33,5.0,1.0,17,5.0
1,0.0,530000.0,2300.0,2.0,0.0,2.0,4.0,1,0,56,3.0,2.0,85,6.0
1,0.0,159900.0,1750.0,2.0,0.0,1.0,3.0,1,0,89,3.0,1.0,58,5.0
0,0.0,980000.0,3724.0,4.0,0.0,2.0,4.0,1,0,0,5.0,3.0,8,8.0
1,0.0,259900.0,1546.0,2.0,2.0,2.0,3.0,1,0,38,5.0,2.0,43,5.0
1,29100.0,570000.0,4596.0,3.0,0.0,3.0,4.0,1,0,82,3.0,3.0,97,7.0
1,5000.0,417000.0,2851.0,3.0,2.0,2.0,4.0,1,0,76,5.0,3.0,42,7.0
1,19250.0,396500.0,2340.0,3.0,2.0,2.0,4.0,1,0,120,7.0,4.0,24,7.0
1,0.0,150000.0,2124.0,3.0,2.0,2.0,4.0,2,0,63,5.0,3.0,47,7.0
1,0.0,9000.0,2054.0,2.0,2.0,2.0,4.0,1,0,23,1.0,0.0,55,6.0
1,0.0,255000.0,1497.0,2.0,2.0,2.0,3.0,1,0,39,3.0,1.0,54,5.0
0,0.0,63500.0,840.0,1.0,0.0,1.0,2.0,2,0,0,0.0,0.0,74,3.0
1,10100.0,455000.0,3084.0,2.0,2.0,1.0,3.0,2,0,52,5.0,3.0,18,5.0
1,10000.0,222000.0,1678.0,2.0,0.0,1.0,3.0,1,0,52,5.0,3.0,21,5.0
0,0.0,379000.0,1651.0,2.0,0.0,1.0,3.0,2,0,0,5.0,1.0,102,5.0
0,0.0,190000.0,2660.0,3.0,2.0,2.0,3.0,1,0,0,5.0,3.0,48,6.0
1,0.0,48500.0,864.0,1.0,0.0,1.0,2.0,1,0,70,2.0,0.0,54,3.0
1,0.0,175000.0,1681.0,2.0,1.0,2.0,3.0,1,0,101,2.0,1.0,63,5.0
1,0.0,107500.0,1630.5,0.0,0.0,1.0,0.0,2,0,119,2.0,1.0,52,0.0
1,10000.0,103000.0,1108.0,2.0,0.0,1.0,3.0,2,0,57,1.0,0.0,55,5.0
1,0.0,236500.0,1600.0,2.0,2.0,1.0,3.0,1,0,84,3.0,2.0,32,5.0
1,0.0,225000.0,1700.0,2.0,0.0,1.0,4.0,1,0,52,3.0,2.0,55,6.0
1,0.0,100000.0,1054.0,2.0,0.0,2.0,2.0,1,1,34,6.0,2.0,43,4.0
1,40000.0,325000.0,4344.0,0.0,0.0,2.0,0.0,2,0,62,2.0,1.0,94,0.0
1,8000.0,258000.0,2457.0,2.0,0.0,1.0,4.0,3,0,126,2.0,1.0,46,6.0
1,10000.0,39900.0,1428.0,1.0,0.0,2.0,3.0,1,0,92,3.0,2.0,104,4.0
1,0.0,75000.0,999.0,2.0,0.0,1.0,3.0,1,0,30,5.0,1.0,60,5.0
1,0.0,615000.0,3529.0,4.0,3.0,1.0,4.0,1,0,72,7.0,3.0,10,8.0
1,0.0,388000.0,2569.0,3.0,2.0,2.0,4.0,1,0,51,8.0,4.0,18,7.0
1,0.0,1150000.0,3314.0,5.0,2.0,2.0,5.0,1,0,105,4.0,3.0,9,10.0
0,0.0,305000.0,1384.0,2.0,0.0,1.0,3.0,1,0,0,2.0,2.0,81,5.0
1,0.0,56000.0,881.0,1.0,0.0,1.0,2.0,2,0,20,2.0,1.0,58,3.0
1,0.0,75000.0,1537.0,2.0,2.0,1.0,3.0,1,0,54,0.0,0.0,51,5.0
1,0.0,148000.0,1092.0,2.0,1.0,1.0,3.0,2,0,67,3.0,1.0,35,5.0
1,0.0,105000.0,1630.5,0.0,0.0,1.0,0.0,1,0,34,1.0,1.0,52,0.0
1,0.0,445000.0,2147.0,2.0,2.0,1.0,3.0,2,0,35,6.0,2.0,13,5.0
1,0.0,410000.0,1630.5,0.0,0.0,1.0,0.0,1,0,708,0.0,0.0,52,0.0
1,50000.0,1206000.0,4408.0,5.0,3.0,2.0,5.0,1,0,568,8.0,6.0,21,10.0
1,50000.0,330000.0,1630.5,0.0,0.0,1.0,0.0,1,0,2237,2.0,2.0,52,0.0
1,5100.0,415000.0,1994.0,2.0,2.0,1.0,3.0,1,0,145,5.0,3.0,50,5.0
1,5000.0,200000.0,655.0,1.0,0.0,2.0,1.0,1,0,247,4.0,2.0,41,2.0
1,40000.0,1900000.0,1630.5,0.0,0.0,1.0,0.0,2,0,113,1.0,0.0,74,0.0
1,0.0,359900.0,1576.0,2.0,0.0,1.0,3.0,1,0,57,3.0,1.0,56,5.0
1,8000.0,186000.0,725.0,1.0,0.0,1.0,1.0,1,0,77,6.0,3.0,42,2.0
1,0.0,675000.0,1544.0,1.0,1.0,1.0,2.0,1,0,25,3.0,2.0,93,3.0
1,0.0,1701500.0,2903.0,3.0,2.0,1.0,3.0,1,0,46,5.0,4.0,46,6.0
1,16000.0,525000.0,2110.0,2.0,2.0,1.0,3.0,1,0,53,8.0,5.0,43,5.0
1,0.0,385000.0,1215.0,2.0,2.0,1.0,3.0,1,0,36,4.0,1.0,50,5.0
1,0.0,1038712.0,2700.0,3.0,2.0,1.0,4.0,1,0,47,7.0,3.0,68,7.0
1,0.0,690000.0,3135.0,4.0,3.0,2.0,4.0,2,0,46,5.0,4.0,18,8.0
1,0.0,498000.0,1350.0,2.0,2.0,1.0,3.0,1,0,47,6.0,2.0,30,5.0
1,0.0,500000.0,1650.0,2.0,2.0,1.0,3.0,2,0,49,3.0,1.0,30,5.0
1,16000.0,340000.0,1156.0,2.0,2.0,1.0,2.0,1,0,126,2.0,1.0,44,4.0
1,4000.0,345000.0,1411.0,2.0,0.0,1.0,4.0,1,0,118,3.0,1.0,67,6.0
1,2000.0,28000.0,768.0,1.0,0.0,1.0,2.0,1,0,95,6.0,2.0,56,3.0
1,0.0,1010000.0,4015.0,4.0,3.0,1.0,4.0,1,0,45,7.0,4.0,18,8.0
1,0.0,825000.0,3085.0,4.0,3.0,2.0,5.0,2,0,64,6.0,3.0,4,9.0
1,0.0,432000.0,2155.0,2.0,0.0,1.0,5.0,1,0,37,1.0,0.0,67,7.0
1,25000.0,745000.0,2800.0,3.0,2.0,1.0,3.0,1,0,88,7.0,5.0,37,6.0
1,0.0,700000.0,2202.0,3.0,2.0,1.0,3.0,1,0,36,4.0,2.0,62,6.0
1,9910.0,436000.0,1418.0,3.0,2.0,1.0,2.0,1,1,126,1.0,1.0,23,5.0
0,0.0,625600.0,2136.0,3.0,2.0,1.0,4.0,2,0,32,1.0,0.0,27,7.0
1,0.0,827522.0,1793.0,2.0,2.0,1.0,3.0,1,0,35,5.0,3.0,80,5.0
1,14000.0,255000.0,1019.0,1.0,0.0,2.0,2.0,1,0,42,4.0,2.0,27,3.0
1,0.0,120000.0,4353.0,2.0,1.0,1.0,2.0,1,0,21,1.0,1.0,19,4.0
1,64000.0,485000.0,1630.5,0.0,0.0,1.0,0.0,2,0,177,0.0,0.0,73,0.0
1,2000.0,267000.0,1120.0,2.0,0.0,2.0,2.0,2,1,53,3.0,1.0,58,4.0
1,0.0,180000.0,767.0,1.0,0.0,1.0,2.0,1,0,24,0.0,0.0,75,3.0
1,0.0,448000.0,2176.0,2.0,3.0,1.0,4.0,1,0,49,1.0,1.0,12,6.0
1,0.0,540000.0,1506.0,2.0,2.0,1.0,3.0,1,0,29,5.0,2.0,34,5.0
1,0.0,271500.0,858.0,1.0,1.0,2.0,1.0,1,0,49,6.0,3.0,24,2.0
1,0.0,345000.0,1564.0,2.0,2.0,1.0,3.0,3,0,32,2.0,0.0,44,5.0
1,0.0,350000.0,1481.0,2.0,1.0,1.0,3.0,2,0,15,2.0,1.0,65,5.0
1,7000.0,28000.0,1296.0,2.0,0.0,1.0,2.0,2,0,95,4.0,2.0,53,4.0
1,10000.0,470000.0,1522.0,2.0,2.0,1.0,3.0,1,0,53,2.0,1.0,22,5.0
1,0.0,389900.0,1363.0,2.0,0.0,1.0,3.0,2,0,35,3.0,1.0,63,5.0
1,0.0,1090000.0,3030.0,5.0,2.0,2.0,5.0,1,0,37,3.0,1.0,3,10.0
1,5000.0,755000.0,3599.0,5.0,3.0,2.0,4.0,1,0,148,6.0,4.0,12,9.0
1,0.0,390000.0,1634.0,2.0,0.0,1.0,3.0,1,0,73,1.0,0.0,68,5.0
1,0.0,349900.0,1154.0,2.0,0.0,1.0,3.0,1,0,67,4.0,1.0,66,5.0
1,0.0,200000.0,1513.0,2.0,0.0,1.0,3.0,1,0,25,0.0,0.0,87,5.0
1,0.0,875000.0,2192.0,0.0,3.0,1.0,4.0,1,0,0,1.0,1.0,67,4.0
1,0.0,515000.0,1899.0,3.0,2.0,2.0,4.0,1,0,53,7.0,4.0,34,7.0
1,0.0,460000.0,1116.0,3.0,1.0,2.0,2.0,2,0,47,6.0,3.0,7,5.0
1,0.0,472000.0,1166.0,2.0,1.0,1.0,3.0,1,0,55,7.0,3.0,77,5.0
1,0.0,513000.0,1845.0,3.0,2.0,2.0,4.0,1,0,39,8.0,4.0,50,7.0
1,0.0,1075000.0,1727.0,2.0,2.0,2.0,3.0,1,0,81,7.0,4.0,97,5.0
1,0.0,465000.0,1284.0,2.0,2.0,1.0,3.0,2,0,37,5.0,2.0,35,5.0
1,0.0,313000.0,1044.0,2.0,2.0,1.0,2.0,2,0,8,6.0,3.0,34,4.0
1,0.0,357000.0,1011.0,2.0,1.0,1.0,3.0,3,0,69,5.0,2.0,59,5.0
1,5000.0,430000.0,1502.0,3.0,2.0,2.0,3.0,1,0,76,6.0,2.0,3,6.0
1,0.0,315000.0,1130.0,1.0,1.0,1.0,2.0,2,0,94,4.0,1.0,82,3.0
1,14000.0,373000.0,1018.0,1.0,1.0,1.0,3.0,1,0,35,5.0,2.0,72,4.0
1,0.0,415000.0,1291.0,1.0,2.0,1.0,3.0,2,0,39,7.0,3.0,84,4.0
1,8000.0,472000.0,1232.0,2.0,2.0,1.0,3.0,2,0,139,4.0,3.0,35,5.0
1,0.0,500100.0,1578.0,2.0,2.0,1.0,4.0,2,0,14,5.0,3.0,45,6.0
1,0.0,903000.0,3391.0,4.0,3.0,2.0,5.0,2,0,24,3.0,1.0,1,9.0
1,0.0,530000.0,1593.0,2.0,2.0,1.0,4.0,1,0,36,8.0,5.0,56,6.0
1,0.0,785000.0,1330.0,2.0,2.0,1.0,3.0,2,0,29,6.0,2.0,76,5.0
1,0.0,610000.0,2148.0,3.0,2.0,2.0,4.0,2,0,44,6.0,4.0,5,7.0
1,10001.0,575000.0,2231.0,3.0,2.0,2.0,4.0,2,0,113,4.0,1.0,22,7.0
1,25000.0,530000.0,957.0,1.0,1.0,1.0,2.0,3,0,100,8.0,4.0,74,3.0
1,0.0,117777.0,1152.0,2.0,0.0,1.0,2.0,1,0,29,5.0,1.0,45,4.0
1,10000.0,595000.0,1152.0,2.0,2.0,1.0,3.0,1,0,66,7.0,4.0,72,5.0
1,20000.0,343000.0,626.0,1.0,1.0,2.0,1.0,2,0,230,2.0,0.0,5,2.0
1,0.0,375000.0,1455.0,2.0,2.0,1.0,3.0,2,0,56,3.0,1.0,61,5.0
1,0.0,468000.0,1433.0,2.0,2.0,1.0,3.0,2,0,58,10.0,5.0,39,5.0
1,0.0,490000.0,1451.0,3.0,2.0,3.0,2.0,2,0,35,5.0,2.0,8,5.0
1,0.0,395000.0,1092.0,2.0,2.0,1.0,3.0,1,0,43,4.0,1.0,64,5.0
1,0.0,599900.0,1540.0,3.0,2.0,2.0,3.0,2,0,44,5.0,2.0,1,6.0
1,20000.0,230000.0,810.0,1.0,0.0,2.0,1.0,1,0,50,4.0,2.0,38,2.0
1,76000.0,775000.0,2347.0,4.0,3.0,1.0,5.0,1,0,63,6.0,2.0,49,9.0
1,0.0,355000.0,1378.0,2.0,2.0,1.0,4.0,2,0,40,8.0,5.0,46,6.0
1,0.0,245000.0,755.0,1.0,0.0,1.0,1.0,1,0,36,8.0,5.0,48,2.0
1,0.0,454000.0,1139.0,2.0,2.0,1.0,4.0,3,0,58,9.0,4.0,52,6.0
1,0.0,445000.0,1209.0,2.0,2.0,1.0,3.0,2,0,28,8.0,3.0,35,5.0
1,16000.0,412000.0,1235.0,2.0,2.0,1.0,3.0,1,0,77,9.0,5.0,35,5.0
1,0.0,800000.0,1984.0,1.0,2.0,2.0,2.0,1,0,52,7.0,5.0,74,3.0
1,36100.0,495000.0,1764.0,2.0,2.0,1.0,4.0,1,0,63,7.0,2.0,60,6.0
1,12000.0,562000.0,1516.0,2.0,2.0,1.0,3.0,2,0,27,5.0,2.0,71,5.0
1,20000.0,527000.0,1815.0,2.0,2.0,1.0,2.0,2,0,168,8.0,5.0,20,4.0
1,0.0,900000.0,4097.0,3.0,3.0,2.0,5.0,2,0,28,7.0,5.0,22,8.0
1,0.0,505000.0,1579.0,2.0,2.0,1.0,4.0,1,0,112,5.0,3.0,46,6.0
1,0.0,392000.0,1131.0,2.0,2.0,1.0,3.0,1,0,34,7.0,4.0,39,5.0
1,5000.0,122000.0,891.0,2.0,0.0,1.0,3.0,1,0,125,6.0,2.0,26,5.0
1,0.0,527500.0,1072.0,1.0,2.0,1.0,2.0,1,0,49,7.0,5.0,52,3.0
1,0.0,689000.0,1781.0,2.0,2.0,2.0,4.0,1,0,37,5.0,3.0,74,6.0
1,0.0,469000.0,1519.0,2.0,2.0,1.0,4.0,2,0,53,7.0,4.0,45,6.0
1,54500.0,1450000.0,3778.0,4.0,1.0,2.0,4.0,1,0,203,10.0,7.0,87,8.0
1,20001.0,492450.0,1890.0,2.0,0.0,1.0,4.0,3,0,85,7.0,5.0,72,6.0
1,19900.0,450000.0,892.0,1.0,1.0,1.0,2.0,1,0,147,9.0,5.0,72,3.0
1,10000.0,318000.0,1003.0,2.0,0.0,1.0,2.0,1,0,77,11.0,7.0,27,4.0
1,25100.0,570000.0,2754.0,3.0,2.0,2.0,4.0,1,0,92,10.0,6.0,52,7.0
1,0.0,189000.0,855.0,1.0,1.0,1.0,1.0,1,0,81,5.0,3.0,56,2.0
1,16000.0,675000.0,3384.0,3.0,2.0,1.0,4.0,1,0,189,11.0,5.0,56,7.0
1,0.0,496000.0,1409.0,2.0,1.0,2.0,2.0,3,0,37,10.0,6.0,118,4.0
1,50000.0,750000.0,1630.5,0.0,0.0,1.0,0.0,1,0,69,4.0,2.0,51,0.0
1,0.0,1250000.0,3306.0,4.0,2.0,2.0,4.0,2,0,18,9.0,6.0,128,8.0
1,9000.0,360000.0,790.0,1.0,0.0,1.0,2.0,2,0,92,9.0,3.0,74,3.0
1,20000.0,480000.0,1931.0,3.0,2.0,2.0,3.0,1,0,83,5.0,2.0,23,6.0
1,15000.0,368000.0,1019.0,2.0,1.0,1.0,2.0,1,0,62,12.0,8.0,20,4.0
0,30000.0,310000.0,714.0,1.0,0.0,1.0,1.0,1,0,91,5.0,3.0,92,2.0
1,0.0,395000.0,959.0,2.0,1.0,1.0,2.0,3,0,35,7.0,4.0,39,4.0
1,0.0,522500.0,1654.0,2.0,2.0,1.0,3.0,1,0,70,7.0,3.0,68,5.0
1,6000.0,415000.0,662.0,1.0,1.0,1.0,1.0,1,0,90,8.0,4.0,127,2.0
1,15000.0,784000.0,2724.0,3.0,2.0,1.0,4.0,1,0,94,14.0,7.0,57,7.0
1,0.0,328500.0,851.0,1.0,1.0,1.0,1.0,3,0,44,9.0,4.0,41,2.0
1,0.0,487000.0,1766.0,2.0,0.0,1.0,3.0,1,0,46,5.0,2.0,98,5.0
1,19100.0,525000.0,1351.0,2.0,1.0,1.0,3.0,2,0,65,7.0,4.0,72,5.0
1,0.0,345000.0,590.0,1.0,0.0,1.0,1.0,2,0,29,9.0,6.0,87,2.0
1,0.0,1500000.0,2528.0,3.0,2.0,1.0,3.0,1,0,79,14.0,8.0,52,6.0
1,0.0,419000.0,797.0,1.0,1.0,1.0,2.0,1,0,63,9.0,5.0,72,3.0
1,20000.0,555000.0,1041.0,2.0,1.0,1.0,2.0,1,0,58,9.0,5.0,24,4.0
1,0.0,428000.0,2028.0,2.0,1.0,1.0,5.0,1,0,52,7.0,2.0,61,7.0
0,0.0,225000.0,778.0,1.0,0.0,3.0,1.0,2,0,0,8.0,5.0,8,2.0
1,25000.0,823500.0,2080.0,3.0,2.0,1.0,4.0,2,0,70,9.0,5.0,66,7.0
1,0.0,1550000.0,3563.0,4.0,2.0,2.0,4.0,1,0,35,12.0,7.0,8,8.0
1,10000.0,623000.0,2386.0,2.0,2.0,2.0,4.0,1,0,109,8.0,4.0,51,6.0
1,5000.0,219000.0,634.0,1.0,2.0,1.0,1.0,2,0,62,9.0,3.0,50,2.0
1,0.0,390000.0,1824.0,2.0,0.0,1.0,3.0,1,0,56,6.0,4.0,59,5.0
1,24000.0,765000.0,2015.0,3.0,2.0,1.0,4.0,1,0,161,10.0,6.0,72,7.0
1,4000.0,718750.0,1991.0,3.0,0.0,2.0,4.0,1,0,51,11.0,5.0,115,7.0
1,0.0,174632.0,864.0,1.0,1.0,2.0,2.0,2,0,36,10.0,5.0,50,3.0
1,0.0,755000.0,2231.0,3.0,0.0,1.0,4.0,1,0,22,9.0,5.0,68,7.0
1,0.0,1125000.0,3529.0,4.0,2.0,2.0,4.0,1,0,35,13.0,8.0,12,8.0
1,0.0,466000.0,1080.0,1.0,1.0,1.0,2.0,1,0,49,11.0,5.0,42,3.0
1,0.0,540000.0,1178.0,1.0,2.0,1.0,3.0,1,0,35,9.0,4.0,115,4.0
1,0.0,750000.0,2569.0,3.0,2.0,1.0,3.0,1,0,37,8.0,3.0,63,6.0
1,0.0,1460000.0,3871.0,5.0,2.0,3.0,5.0,1,0,54,13.0,8.0,8,10.0
1,0.0,779000.0,1717.0,3.0,2.0,1.0,3.0,1,0,23,14.0,7.0,80,6.0
1,0.0,485000.0,1197.0,2.0,1.0,2.0,2.0,1,0,53,11.0,6.0,111,4.0
1,5000.0,425000.0,1508.0,2.0,2.0,2.0,2.0,1,0,55,5.0,2.0,3,4.0
1,25000.0,655000.0,3356.0,3.0,2.0,2.0,4.0,1,0,141,9.0,6.0,55,7.0
1,50000.0,1180000.0,2000.0,2.0,2.0,2.0,2.0,2,0,111,10.0,6.0,18,4.0
1,5000.0,235000.0,1374.0,2.0,0.0,1.0,4.0,1,0,160,3.0,2.0,42,6.0
1,0.0,69750.0,650.0,1.0,0.0,10.0,1.0,1,0,17,10.0,3.0,59,2.0
1,400.0,202000.0,1379.0,2.0,1.0,2.0,2.0,1,1,92,7.0,4.0,149,4.0
1,4900.0,225000.0,1167.0,2.0,1.0,1.0,3.0,1,0,450,6.0,3.0,107,5.0
1,9000.0,345000.0,3238.0,3.0,0.0,1.0,6.0,1,0,104,1.0,0.0,124,9.0
1,5000.0,259900.0,1684.0,3.0,0.0,1.0,4.0,1,0,278,5.0,3.0,101,7.0
1,10000.0,230000.0,1102.0,1.0,2.0,1.0,2.0,1,0,82,8.0,4.0,144,3.0
1,0.0,350000.0,3006.0,2.0,0.0,1.0,6.0,1,0,81,4.0,0.0,67,8.0
1,0.0,282000.0,2654.0,2.0,2.0,1.0,4.0,1,0,34,2.0,0.0,97,6.0
1,24000.0,542500.0,5553.0,6.0,0.0,1.0,12.0,1,0,212,5.0,1.0,124,18.0
1,0.0,450000.0,3834.0,3.0,3.0,1.0,7.0,1,0,182,6.0,0.0,95,10.0
1,0.0,215000.0,1540.0,1.0,1.0,1.0,4.0,2,0,217,3.0,1.0,74,5.0
1,0.0,362500.0,4592.0,2.0,0.0,1.0,8.0,1,0,76,6.0,2.0,114,10.0
1,20000.0,227000.0,4512.0,0.0,0.0,1.0,0.0,3,0,129,3.0,0.0,144,0.0
1,0.0,425000.0,3642.0,3.0,0.0,1.0,5.0,1,0,56,6.0,4.0,99,8.0
1,0.0,265000.0,1810.0,2.0,0.0,1.0,3.0,1,0,38,5.0,1.0,73,5.0
1,0.0,305000.0,1984.0,2.0,0.0,1.0,4.0,1,0,54,5.0,3.0,74,6.0
1,3000.0,60000.0,546.0,1.0,0.0,1.0,1.0,1,0,81,2.0,1.0,58,2.0
1,15000.0,137000.0,1419.0,3.0,0.0,2.0,3.0,1,1,125,1.0,0.0,103,6.0
1,0.0,65000.0,654.0,1.0,1.0,3.0,2.0,1,0,84,0.0,0.0,65,3.0
1,0.0,350000.0,2772.0,2.0,2.0,1.0,5.0,1,0,30,2.0,1.0,54,7.0
1,0.0,440000.0,5304.0,3.0,3.0,1.0,9.0,1,0,299,4.0,1.0,108,12.0
1,0.0,57000.0,640.0,1.0,0.0,1.0,1.0,2,0,42,2.0,1.0,58,2.0
1,0.0,230000.0,1728.0,2.0,2.0,1.0,5.0,2,0,210,3.0,1.0,101,7.0
1,19901.0,350000.0,3804.0,3.0,0.0,1.0,9.0,2,0,146,3.0,0.0,102,12.0
1,0.0,280000.0,1680.0,2.0,1.0,1.0,4.0,2,0,94,4.0,1.0,93,6.0
1,0.0,370000.0,2970.0,3.0,3.0,1.0,6.0,2,0,79,3.0,1.0,101,9.0
1,0.0,1200000.0,32106.0,0.0,0.0,1.0,0.0,1,0,270,1.0,0.0,103,0.0
1,0.0,300000.0,2736.0,3.0,0.0,1.0,6.0,1,0,128,3.0,1.0,128,9.0
1,0.0,360000.0,2074.0,3.0,0.0,1.0,6.0,1,0,129,2.0,0.0,123,9.0
1,0.0,610000.0,5100.0,6.0,0.0,1.0,12.0,1,0,114,1.0,0.0,113,18.0
1,0.0,123000.0,975.0,2.0,1.0,1.0,2.0,1,0,162,7.0,3.0,35,4.0
1,0.0,325000.0,4496.0,4.0,0.0,1.0,9.0,2,0,145,4.0,1.0,103,13.0
1,0.0,300000.0,1894.0,2.0,1.0,1.0,3.0,2,0,70,8.0,3.0,100,5.0
1,4999.0,65000.0,650.0,1.0,1.0,1.0,1.0,2,0,161,6.0,2.0,58,2.0
1,0.0,380000.0,2498.0,3.0,0.0,1.0,7.0,1,0,110,2.0,0.0,110,10.0
1,11325.0,261250.0,1042.0,1.0,0.0,1.0,4.0,2,0,50,4.0,1.0,80,5.0
1,0.0,635000.0,8010.0,7.0,3.0,1.0,10.0,1,0,151,6.0,2.0,104,17.0
1,0.0,25000.0,1630.5,0.0,0.0,1.0,0.0,1,0,77,2.0,1.0,51,0.0
1,30000.0,303000.0,2315.0,3.0,0.0,1.0,6.0,1,0,53,4.0,1.0,128,9.0
1,0.0,307000.0,6930.0,1.0,0.0,1.0,2.0,1,0,37,3.0,1.0,100,3.0
1,0.0,285000.0,3696.0,2.0,2.0,1.0,4.0,2,0,57,4.0,1.0,97,6.0
1,100.0,700000.0,4400.0,4.0,0.0,1.0,5.0,1,0,77,7.0,2.0,123,9.0
1,0.0,220000.0,1510.0,2.0,1.0,1.0,2.0,1,0,56,2.0,1.0,125,4.0
1,0.0,412000.0,3798.0,6.0,0.0,1.0,6.0,2,0,43,6.0,3.0,108,12.0
1,0.0,290000.0,3150.0,3.0,2.0,1.0,3.0,1,0,44,4.0,2.0,72,6.0
1,0.0,355000.0,1568.0,2.0,2.0,1.0,3.0,1,0,81,4.0,0.0,28,5.0
1,0.0,154900.0,1064.0,2.0,0.0,2.0,3.0,2,1,43,2.0,0.0,39,5.0
1,0.0,154000.0,1064.0,2.0,0.0,2.0,3.0,1,1,55,3.0,0.0,39,5.0
1,0.0,340000.0,2016.0,3.0,0.0,2.0,4.0,1,0,41,2.0,0.0,46,7.0
1,5000.0,430000.0,2204.0,3.0,2.0,2.0,4.0,1,0,90,9.0,4.0,20,7.0
1,0.0,250000.0,1134.0,2.0,1.0,1.0,3.0,3,0,74,3.0,1.0,68,5.0
1,0.0,325000.0,2080.0,2.0,2.0,1.0,3.0,1,0,34,3.0,0.0,29,5.0
1,0.0,410000.0,1649.0,2.0,2.0,2.0,3.0,1,0,91,2.0,0.0,1,5.0
1,15100.0,374000.0,1744.0,3.0,1.0,2.0,4.0,1,0,105,6.0,2.0,45,7.0
1,19901.0,320000.0,2361.0,3.0,1.0,1.0,3.0,1,0,172,4.0,1.0,50,6.0
1,10000.0,275000.0,1734.0,3.0,1.0,2.0,3.0,1,1,159,4.0,1.0,18,6.0
1,0.0,401000.0,2240.0,4.0,2.0,3.0,4.0,2,0,36,8.0,3.0,6,8.0
1,0.0,800000.0,1965.0,3.0,0.0,2.0,3.0,1,0,99,11.0,9.0,4,6.0
1,0.0,265000.0,1092.0,1.0,0.0,1.0,3.0,2,0,44,3.0,0.0,49,4.0
1,10000.0,335000.0,1850.0,3.0,2.0,2.0,4.0,1,0,66,6.0,4.0,60,7.0
1,0.0,285000.0,2095.0,2.0,0.0,1.0,4.0,2,0,40,4.0,0.0,59,6.0
1,3000.0,118000.0,1000.0,2.0,0.0,1.0,2.0,1,0,51,9.0,3.0,43,4.0
1,5100.0,249900.0,1804.0,2.0,1.0,3.0,3.0,1,1,54,5.0,1.0,25,5.0
1,1000.0,250000.0,1220.0,2.0,0.0,2.0,3.0,2,1,81,5.0,2.0,5,5.0
1,0.0,285000.0,1746.0,2.0,1.0,2.0,4.0,1,0,47,5.0,4.0,58,6.0
1,0.0,315000.0,2297.0,2.0,1.0,3.0,4.0,1,0,79,6.0,3.0,143,6.0
1,0.0,180000.0,1260.0,2.0,1.0,2.0,3.0,3,1,31,4.0,0.0,29,5.0
1,0.0,145000.0,1524.0,3.0,0.0,2.0,3.0,1,1,37,2.0,0.0,45,6.0
1,0.0,405000.0,3085.0,3.0,0.0,2.0,5.0,1,0,103,4.0,1.0,19,8.0
1,0.0,75000.0,980.0,1.0,0.0,1.0,3.0,1,0,35,0.0,0.0,53,4.0
1,0.0,505000.0,2570.0,3.0,2.0,2.0,4.0,1,0,121,2.0,0.0,24,7.0
1,0.0,241000.0,1955.0,3.0,1.0,3.0,3.0,1,1,28,2.0,0.0,16,6.0
1,0.0,217000.0,1360.0,3.0,0.0,2.0,2.0,1,1,70,4.0,0.0,39,5.0
1,0.0,510000.0,4182.0,4.0,4.0,1.0,3.0,2,0,123,5.0,3.0,16,7.0
1,10000.0,250000.0,2306.0,2.0,0.0,2.0,3.0,1,0,61,3.0,1.0,63,5.0
1,0.0,280000.0,3088.0,0.0,0.0,1.0,4.0,3,0,85,1.0,0.0,123,4.0
1,5000.0,250000.0,985.0,2.0,0.0,1.0,3.0,1,0,58,2.0,0.0,43,5.0
1,3000.0,115000.0,800.0,2.0,0.0,3.0,2.0,1,0,82,9.0,3.0,42,4.0
1,0.0,290000.0,1770.0,2.0,1.0,2.0,4.0,1,0,575,3.0,0.0,45,6.0
1,0.0,149900.0,1064.0,2.0,0.0,2.0,3.0,3,1,37,2.0,0.0,38,5.0
1,0.0,450000.0,1943.0,2.0,2.0,1.0,2.0,1,0,97,8.0,3.0,5,4.0
1,36000.0,283000.0,2200.0,3.0,0.0,3.0,5.0,2,0,85,1.0,0.0,93,8.0
1,0.0,231000.0,1064.0,1.0,0.0,1.0,3.0,1,0,56,4.0,2.0,72,4.0
1,0.0,585000.0,2770.0,3.0,2.0,2.0,4.0,1,0,104,5.0,3.0,2,7.0
1,0.0,300000.0,1202.0,2.0,1.0,1.0,2.0,2,1,52,7.0,3.0,10,4.0
1,0.0,455555.0,3532.0,3.0,2.0,1.0,4.0,1,0,35,8.0,5.0,8,7.0
1,0.0,390000.0,2300.0,3.0,2.0,2.0,4.0,1,0,36,3.0,0.0,34,7.0
1,23000.0,405000.0,1794.0,2.0,2.0,1.0,3.0,1,0,119,5.0,1.0,8,5.0
1,6000.0,279000.0,1848.0,2.0,2.0,2.0,3.0,1,1,75,4.0,1.0,18,5.0
1,0.0,319999.0,2081.0,3.0,1.0,2.0,3.0,3,1,49,10.0,4.0,16,6.0
1,0.0,135500.0,1126.0,2.0,0.0,1.0,3.0,1,0,13,3.0,1.0,71,5.0
1,0.0,410000.0,1824.0,2.0,2.0,1.0,4.0,1,0,13,8.0,5.0,31,6.0
1,0.0,490000.0,2521.0,3.0,2.0,1.0,3.0,1,0,41,7.0,4.0,15,6.0
1,0.0,211000.0,1054.0,2.0,0.0,1.0,3.0,1,0,34,6.0,3.0,30,5.0
1,0.0,200000.0,1024.0,2.0,0.0,2.0,2.0,2,0,42,6.0,2.0,57,4.0
1,0.0,284900.0,1792.0,3.0,0.0,2.0,3.0,2,1,34,7.0,4.0,42,6.0
1,0.0,415000.0,1296.0,2.0,0.0,2.0,2.0,1,0,68,8.0,5.0,69,4.0
1,0.0,194628.0,1222.0,2.0,2.0,1.0,3.0,1,0,30,6.0,2.0,27,5.0
1,0.0,520000.0,2584.0,2.0,2.0,1.0,4.0,1,0,43,11.0,6.0,36,6.0
1,16500.0,68000.0,1116.0,2.0,0.0,1.0,2.0,1,0,134,5.0,3.0,61,4.0
1,0.0,145000.0,928.0,2.0,0.0,2.0,2.0,2,1,31,6.0,3.0,40,4.0
1,0.0,350000.0,1648.0,2.0,2.0,1.0,3.0,1,1,36,8.0,4.0,23,5.0
1,10000.0,169500.0,1512.0,2.0,2.0,1.0,3.0,1,0,43,4.0,4.0,47,5.0
1,10000.0,297000.0,1411.0,2.0,2.0,1.0,3.0,1,0,190,9.0,4.0,23,5.0
1,25100.0,570000.0,2667.0,3.0,2.0,1.0,3.0,1,0,78,7.0,5.0,25,6.0
1,0.0,460000.0,1768.0,3.0,2.0,2.0,3.0,1,0,35,6.0,3.0,5,6.0
1,0.0,312000.0,1624.0,2.0,2.0,1.0,3.0,1,0,52,9.0,4.0,26,5.0
1,0.0,425000.0,1893.0,2.0,2.0,1.0,4.0,1,0,47,9.0,4.0,29,6.0
1,0.0,244500.0,1174.0,2.0,0.0,1.0,2.0,1,1,31,11.0,6.0,33,4.0
1,0.0,299000.0,1706.0,2.0,2.0,1.0,3.0,1,0,37,7.0,4.0,18,5.0
1,1000.0,59000.0,1088.0,2.0,0.0,1.0,4.0,2,0,218,0.0,0.0,64,6.0
1,0.0,79000.0,850.0,1.0,0.0,1.0,3.0,2,0,36,6.0,2.0,66,4.0
1,0.0,660000.0,3281.0,4.0,2.0,1.0,4.0,1,0,88,9.0,5.0,20,8.0
1,0.0,570000.0,2966.0,4.0,2.0,2.0,5.0,1,0,46,9.0,5.0,17,9.0
1,8000.0,60000.0,1630.5,0.0,0.0,1.0,0.0,1,0,58,1.0,1.0,52,0.0
1,0.0,55000.0,1630.5,0.0,0.0,1.0,0.0,1,0,0,0.0,0.0,52,0.0
1,0.0,228000.0,1250.0,2.0,0.0,2.0,3.0,1,0,35,7.0,2.0,48,5.0
1,1000.0,151000.0,1209.0,3.0,0.0,2.0,3.0,2,0,65,9.0,4.0,20,6.0
1,0.0,430000.0,2440.0,3.0,2.0,2.0,4.0,2,0,48,9.0,5.0,43,7.0
1,9900.0,172000.0,1137.0,2.0,0.0,1.0,3.0,1,0,121,4.0,1.0,25,5.0
1,0.0,295000.0,1452.0,2.0,0.0,1.0,3.0,1,0,125,7.0,4.0,58,5.0
1,15000.0,185000.0,1512.0,3.0,0.0,1.0,4.0,2,0,118,3.0,2.0,53,7.0
1,0.0,282000.0,1553.0,2.0,2.0,1.0,3.0,2,0,48,8.0,4.0,30,5.0
1,0.0,472500.0,2045.0,3.0,2.0,1.0,3.0,1,0,76,10.0,3.0,19,6.0
1,0.0,68000.0,710.0,1.0,0.0,1.0,1.0,2,0,53,5.0,2.0,57,2.0
1,0.0,810000.0,2670.0,3.0,3.0,1.0,4.0,2,0,38,8.0,5.0,4,7.0
1,0.0,194900.0,960.0,2.0,0.0,2.0,2.0,2,1,43,7.0,3.0,36,4.0
1,25100.0,278000.0,1865.0,2.0,0.0,1.0,4.0,1,0,159,8.0,4.0,47,6.0
1,10000.0,236000.0,2590.0,2.0,0.0,1.0,3.0,1,0,167,5.0,1.0,54,5.0
1,10000.0,415000.0,2123.0,2.0,2.0,1.0,4.0,1,0,69,7.0,4.0,22,6.0
1,0.0,112000.0,1155.0,2.0,0.0,2.0,3.0,1,0,54,7.0,3.0,5,5.0
1,0.0,559900.0,2142.0,3.0,2.0,1.0,4.0,1,0,43,5.0,3.0,8,7.0
1,14100.0,234900.0,1248.0,2.0,2.0,1.0,3.0,2,0,56,7.0,2.0,33,5.0
1,0.0,50000.0,1012.0,2.0,0.0,2.0,3.0,1,0,53,4.0,1.0,32,5.0
1,0.0,425000.0,4290.0,8.0,0.0,2.0,8.0,1,0,47,5.0,2.0,54,16.0
1,0.0,875000.0,2518.0,4.0,2.0,1.0,3.0,1,0,53,8.0,5.0,6,7.0
1,0.0,200000.0,1083.0,3.0,3.0,2.0,2.0,1,1,19,12.0,6.0,40,5.0
1,0.0,388000.0,1003.0,2.0,2.0,1.0,2.0,1,0,74,10.0,5.0,19,4.0
1,10000.0,232000.0,1132.0,1.0,1.0,2.0,2.0,1,0,113,11.0,5.0,64,3.0
1,18000.0,395000.0,1152.0,3.0,0.0,2.0,2.0,2,0,57,11.0,7.0,34,5.0
1,0.0,136000.0,700.0,1.0,0.0,1.0,1.0,1,0,102,8.0,2.0,41,2.0
1,0.0,287000.0,1111.0,1.0,0.0,1.0,1.0,1,0,43,13.0,6.0,41,2.0
1,0.0,330000.0,2400.0,3.0,2.0,2.0,3.0,1,0,46,9.0,6.0,18,6.0
1,15000.0,154000.0,792.0,1.0,0.0,1.0,2.0,1,0,83,7.0,4.0,58,3.0
1,3000.0,350000.0,1059.0,2.0,0.0,1.0,2.0,1,0,101,8.0,3.0,19,4.0
1,10000.0,225900.0,1507.0,3.0,1.0,2.0,3.0,1,1,73,12.0,6.0,22,6.0
1,0.0,188000.0,1373.0,2.0,0.0,1.0,4.0,2,0,31,4.0,2.0,79,6.0
1,0.0,642500.0,2046.0,2.0,0.0,1.0,4.0,3,0,30,10.0,6.0,68,6.0
1,14999.0,325000.0,1448.0,2.0,0.0,1.0,3.0,2,0,194,8.0,4.0,87,5.0
1,0.0,620000.0,5526.0,5.0,2.0,3.0,6.0,2,0,109,15.0,7.0,6,11.0
1,10100.0,247400.0,581.0,1.0,0.0,1.0,1.0,1,0,66,11.0,5.0,84,2.0
0,0.0,135000.0,920.0,1.0,0.0,1.0,3.0,2,0,69,3.0,2.0,74,4.0
1,4000.0,585000.0,2140.0,4.0,2.0,3.0,3.0,1,1,118,13.0,7.0,10,7.0
1,15000.0,230000.0,1364.0,3.0,2.0,3.0,2.0,2,0,155,10.0,5.0,41,5.0
1,0.0,220000.0,786.0,1.0,1.0,1.0,1.0,1,0,41,11.0,5.0,59,2.0
1,0.0,1915000.0,4569.0,5.0,2.0,3.0,4.0,1,0,92,10.0,6.0,98,9.0
1,5000.0,200000.0,1529.0,3.0,0.0,2.0,3.0,2,1,89,6.0,3.0,19,6.0
1,0.0,1375000.0,5465.0,5.0,2.0,1.0,5.0,1,0,55,10.0,6.0,45,10.0
1,0.0,710000.0,1630.5,4.0,2.0,3.0,3.0,1,1,14,12.0,8.0,5,7.0
1,0.0,200000.0,1300.0,2.0,0.0,1.0,3.0,2,0,57,6.0,2.0,19,5.0
1,35000.0,670000.0,1315.0,2.0,3.0,1.0,1.0,1,0,106,11.0,5.0,14,3.0
1,0.0,1410000.0,5702.0,5.0,2.0,2.0,4.0,1,0,39,12.0,7.0,3,9.0
1,0.0,710000.0,2740.0,4.0,2.0,3.0,3.0,1,1,18,12.0,8.0,5,7.0
1,175000.0,2600000.0,2569.0,3.0,3.0,2.0,2.0,1,0,227,10.0,7.0,7,5.0
1,0.0,530000.0,2172.0,4.0,2.0,3.0,4.0,1,1,67,10.0,5.0,25,8.0
1,0.0,410000.0,1630.5,0.0,0.0,1.0,0.0,1,0,35,6.0,2.0,104,0.0
1,0.0,210000.0,1256.0,2.0,0.0,3.0,2.0,1,0,20,7.0,3.0,61,4.0
1,0.0,565000.0,1630.5,3.0,0.0,2.0,5.0,1,0,36,11.0,7.0,44,8.0
1,20000.0,705000.0,1700.0,3.0,2.0,1.0,3.0,1,0,164,12.0,7.0,14,6.0
1,0.0,240000.0,1364.0,3.0,0.0,2.0,3.0,1,1,21,9.0,5.0,21,6.0
1,10000.0,420000.0,1086.0,1.0,0.0,1.0,2.0,1,0,74,10.0,5.0,104,3.0
1,0.0,1400000.0,2574.0,3.0,0.0,3.0,3.0,1,0,60,11.0,7.0,15,6.0
1,9000.0,390000.0,1363.0,2.0,2.0,1.0,2.0,2,0,151,13.0,7.0,16,4.0
1,0.0,1180000.0,3206.0,3.0,0.0,1.0,3.0,2,0,25,9.0,6.0,37,6.0
1,0.0,340000.0,1694.0,3.0,0.0,2.0,3.0,2,0,33,4.0,3.0,8,6.0
1,15000.0,250000.0,1600.0,3.0,1.0,2.0,3.0,1,1,91,10.0,5.0,21,6.0
1,0.0,89500.0,936.0,1.0,0.0,1.0,3.0,3,0,69,4.0,2.0,74,4.0
1,0.0,525000.0,1900.0,3.0,0.0,2.0,3.0,1,1,70,12.0,7.0,43,6.0
1,0.0,225000.0,1575.0,2.0,0.0,2.0,3.0,2,1,32,9.0,6.0,39,5.0
1,0.0,467500.0,1849.0,2.0,0.0,2.0,4.0,1,0,27,10.0,5.0,74,6.0
1,0.0,305000.0,840.0,1.0,0.0,1.0,2.0,2,0,32,10.0,4.0,63,3.0
1,4000.0,226000.0,1368.0,3.0,0.0,2.0,4.0,1,1,116,3.0,1.0,6,7.0
1,26000.0,988750.0,3791.0,5.0,2.0,2.0,5.0,1,0,68,16.0,9.0,60,10.0
0,0.0,880000.0,592.0,1.0,0.0,1.0,2.0,1,0,0,0.0,0.0,94,3.0
0,0.0,1048000.0,799.0,1.0,0.0,1.0,3.0,1,0,0,0.0,0.0,57,4.0
0,0.0,1100000.0,2944.0,2.0,0.0,1.0,3.0,1,0,0,0.0,0.0,62,5.0
1,5000.0,304000.0,1323.0,3.0,2.0,1.0,4.0,3,1,227,8.0,4.0,5,7.0
1,0.0,220000.0,1002.0,2.0,2.0,1.0,3.0,3,0,26,3.0,1.0,66,5.0
1,0.0,25000.0,840.0,1.0,0.0,1.0,2.0,1,0,87,4.0,1.0,107,3.0
1,5000.0,165000.0,910.0,1.0,0.0,1.0,1.0,1,0,132,3.0,1.0,96,2.0
1,3400.0,253000.0,1356.0,1.0,3.0,1.0,3.0,1,0,91,6.0,2.0,74,4.0
1,7000.0,315000.0,1718.0,3.0,3.0,2.0,4.0,3,0,133,6.0,2.0,20,7.0
0,0.0,97000.0,1130.0,1.0,1.0,2.0,2.0,1,0,13,2.0,1.0,82,3.0
1,7900.0,136000.0,1439.0,1.0,0.0,2.0,3.0,1,0,125,2.0,0.0,117,4.0
1,5100.0,153000.0,804.0,1.0,2.0,1.0,2.0,3,0,57,6.0,2.0,107,3.0
1,4100.0,354900.0,1558.0,3.0,2.0,1.0,3.0,1,0,97,9.0,4.0,71,6.0
1,10000.0,165000.0,925.0,1.0,1.0,1.0,1.0,3,0,126,6.0,3.0,94,2.0
1,9999.0,274000.0,1206.0,2.0,2.0,2.0,2.0,2,0,181,4.0,2.0,39,4.0
1,0.0,214000.0,1222.0,2.0,2.0,1.0,3.0,2,0,55,6.0,2.0,72,5.0
1,16000.0,109000.0,720.0,1.0,0.0,1.0,2.0,1,0,50,7.0,2.0,70,3.0
1,0.0,155000.0,1308.0,2.0,1.0,2.0,2.0,1,1,113,4.0,1.0,20,4.0
1,0.0,259500.0,1083.0,2.0,2.0,1.0,3.0,1,0,40,6.0,2.0,65,5.0
1,10000.0,185000.0,1005.0,1.0,2.0,1.0,3.0,3,0,76,3.0,0.0,64,4.0
1,0.0,272000.0,1377.0,2.0,0.0,2.0,3.0,1,0,77,6.0,3.0,83,5.0
1,0.0,185000.0,864.0,2.0,1.0,1.0,2.0,1,0,43,7.0,3.0,76,4.0
1,11000.0,230000.0,1490.0,2.0,1.0,2.0,4.0,2,0,55,4.0,2.0,83,6.0
1,0.0,159900.0,672.0,1.0,1.0,1.0,2.0,1,0,29,3.0,0.0,75,3.0
1,0.0,69500.0,720.0,1.0,1.0,1.0,2.0,1,0,43,2.0,0.0,72,3.0
1,0.0,399900.0,1421.0,3.0,2.0,2.0,3.0,1,0,41,9.0,4.0,60,6.0
1,0.0,172000.0,1078.0,2.0,1.0,1.0,2.0,3,0,39,5.0,2.0,102,4.0
1,0.0,155000.0,1038.0,2.0,1.0,1.0,2.0,3,0,116,6.0,3.0,54,4.0
1,0.0,355000.0,3857.0,3.0,0.0,2.0,4.0,1,0,31,8.0,3.0,123,7.0
1,0.0,332500.0,1761.0,3.0,2.0,2.0,3.0,1,0,66,6.0,3.0,16,6.0
1,0.0,235000.0,1440.0,2.0,2.0,1.0,0.0,3,0,55,5.0,0.0,46,2.0
1,0.0,160000.0,857.0,1.0,0.0,1.0,2.0,1,0,79,8.0,4.0,83,3.0
1,0.0,212000.0,978.0,2.0,1.0,1.0,2.0,3,0,28,10.0,4.0,71,4.0
1,55400.0,197000.0,1911.0,3.0,2.0,1.0,3.0,2,0,60,4.0,3.0,64,6.0
1,0.0,234000.0,799.0,2.0,0.0,2.0,3.0,1,0,36,9.0,3.0,46,5.0
1,0.0,240000.0,1034.0,2.0,2.0,2.0,3.0,1,0,142,6.0,1.0,49,5.0
1,14000.0,114000.0,1081.0,2.0,0.0,1.0,4.0,1,0,119,6.0,4.0,73,6.0
1,5000.0,280000.0,1463.0,3.0,2.0,2.0,3.0,1,0,127,9.0,4.0,24,6.0
1,0.0,232000.0,768.0,2.0,2.0,1.0,3.0,1,0,42,7.0,4.0,74,5.0
1,191000.0,335000.0,938.0,1.0,0.0,1.0,2.0,1,0,71,4.0,1.0,113,3.0
1,5000.0,379990.0,1564.0,3.0,3.0,1.0,4.0,2,0,311,6.0,3.0,2,7.0
1,0.0,245000.0,1386.0,2.0,2.0,2.0,3.0,3,0,50,10.0,4.0,84,5.0
1,5000.0,172900.0,884.0,1.0,0.0,1.0,2.0,3,0,59,9.0,3.0,103,3.0
1,0.0,145000.0,875.0,1.0,0.0,1.0,3.0,3,0,84,4.0,0.0,63,4.0
1,10000.0,335000.0,1636.0,2.0,1.0,2.0,3.0,2,0,84,7.0,3.0,78,5.0
1,7000.0,12900.0,1630.5,2.0,0.0,1.0,3.0,2,0,99,1.0,0.0,26,5.0
1,0.0,240000.0,1470.0,2.0,2.0,1.0,3.0,1,0,31,6.0,4.0,37,5.0
1,0.0,155000.0,1280.0,2.0,1.0,1.0,3.0,2,0,37,3.0,1.0,51,5.0
1,0.0,42900.0,1532.0,3.0,2.0,2.0,3.0,1,1,38,2.0,0.0,49,6.0
1,0.0,19900.0,1630.5,2.0,0.0,1.0,3.0,2,0,67,1.0,0.0,29,5.0
1,0.0,42000.0,1359.0,2.0,0.0,2.0,2.0,1,0,53,2.0,1.0,103,4.0
1,0.0,18900.0,1630.5,2.0,0.0,1.0,3.0,2,0,0,1.0,0.0,28,5.0
1,5000.0,214000.0,1672.0,2.0,2.0,1.0,3.0,2,0,65,8.0,3.0,18,5.0
1,800.0,3800.0,1630.5,0.0,0.0,1.0,0.0,1,0,0,0.0,0.0,51,0.0
1,10000.0,15900.0,1630.5,2.0,0.0,1.0,2.0,2,0,0,1.0,0.0,21,4.0
1,3500.0,4500.0,1630.5,0.0,0.0,1.0,0.0,1,0,0,0.0,0.0,51,0.0
1,0.0,5000.0,1630.5,0.0,0.0,1.0,0.0,1,0,0,0.0,0.0,51,0.0
1,20000.0,250000.0,1641.0,2.0,2.0,1.0,3.0,2,0,0,7.0,2.0,28,5.0
1,0.0,94500.0,1209.0,1.0,0.0,1.0,2.0,2,0,0,4.0,2.0,100,3.0
1,0.0,119900.0,1630.5,0.0,0.0,1.0,0.0,1,0,0,0.0,0.0,51,0.0
1,0.0,14900.0,1630.5,2.0,0.0,1.0,2.0,2,0,0,1.0,0.0,26,4.0
1,3200.0,20700.0,1252.0,1.0,0.0,1.0,3.0,1,0,0,0.0,0.0,103,4.0
1,17000.0,5900.0,1630.5,2.0,0.0,1.0,3.0,2,0,0,0.0,0.0,23,5.0
0,0.0,130000.0,1630.5,0.0,0.0,1.0,0.0,1,0,0,0.0,0.0,51,0.0
1,0.0,68000.0,1630.5,0.0,0.0,1.0,0.0,1,0,0,0.0,0.0,51,0.0
0,0.0,142000.0,1630.5,0.0,0.0,1.0,0.0,1,0,0,0.0,0.0,51,0.0
1,0.0,207000.0,1630.5,0.0,0.0,1.0,0.0,1,0,0,0.0,0.0,51,0.0
1,0.0,346001.0,1630.5,0.0,0.0,1.0,0.0,1,0,0,0.0,0.0,51,0.0
0,0.0,275000.0,1630.5,0.0,0.0,1.0,0.0,1,0,0,0.0,0.0,51,0.0
1,0.0,141000.0,1360.0,0.0,0.0,1.0,3.0,1,0,0,0.0,0.0,51,3.0
0,0.0,10000.0,1630.5,0.0,0.0,1.0,0.0,1,0,0,0.0,0.0,51,0.0
0,0.0,10000.0,1630.5,0.0,0.0,1.0,0.0,1,0,0,0.0,0.0,51,0.0
0,0.0,230000.0,1630.5,0.0,0.0,1.0,0.0,1,0,0,0.0,0.0,51,0.0
0,0.0,475000.0,1630.5,0.0,0.0,1.0,0.0,1,0,0,0.0,0.0,51,0.0
1,0.0,127000.0,4704.0,1.0,0.0,1.0,2.0,2,0,44,5.0,1.0,74,3.0
1,0.0,231650.0,998.0,1.0,2.0,1.0,2.0,2,0,44,5.0,3.0,68,3.0
1,1000.0,140000.0,1300.0,2.0,2.0,2.0,3.0,2,0,105,3.0,0.0,51,5.0
1,0.0,269000.0,1926.0,2.0,2.0,1.0,3.0,2,0,42,7.0,5.0,30,5.0
1,14900.0,315000.0,2298.0,3.0,2.0,2.0,3.0,2,0,105,6.0,2.0,19,6.0
1,0.0,385000.0,2376.0,2.0,2.0,2.0,3.0,2,0,68,8.0,6.0,20,5.0
1,10000.0,161500.0,936.0,2.0,1.0,2.0,2.0,2,0,57,6.0,4.0,37,4.0
1,0.0,310000.0,3240.0,3.0,2.0,2.0,4.0,1,0,38,7.0,5.0,20,7.0
1,0.0,220000.0,1899.0,3.0,2.0,2.0,3.0,1,0,60,2.0,1.0,22,6.0
1,5000.0,75000.0,1360.0,1.0,2.0,2.0,2.0,2,0,32,0.0,0.0,69,3.0
1,4000.0,220000.0,1455.0,2.0,2.0,1.0,3.0,2,0,87,7.0,5.0,16,5.0
1,0.0,330000.0,2548.0,4.0,2.0,2.0,4.0,1,0,46,7.0,5.0,30,8.0
1,0.0,325000.0,2595.0,3.0,2.0,2.0,3.0,2,0,29,7.0,3.0,20,6.0
1,0.0,69000.0,1012.0,1.0,0.0,2.0,2.0,1,0,45,3.0,1.0,50,3.0
1,4000.0,281000.0,2246.0,3.0,2.0,2.0,3.0,1,0,48,6.0,3.0,18,6.0
1,0.0,85000.0,1110.0,2.0,1.0,1.0,2.0,2,0,26,0.0,0.0,103,4.0
1,5000.0,100000.0,1071.0,1.0,0.0,1.0,3.0,1,0,162,3.0,0.0,98,4.0
1,0.0,261000.0,1822.0,1.0,1.0,1.0,3.0,2,0,69,2.0,0.0,73,4.0
0,0.0,323000.0,2119.0,3.0,2.0,2.0,3.0,2,0,0,3.0,1.0,1,6.0
1,4900.0,92500.0,825.0,1.0,0.0,1.0,2.0,1,0,142,2.0,0.0,99,3.0
1,5000.0,160000.0,970.0,1.0,0.0,1.0,2.0,1,0,95,5.0,2.0,103,3.0
1,5000.0,421000.0,2461.0,4.0,2.0,1.0,3.0,2,0,94,5.0,2.0,30,7.0
0,0.0,360000.0,2953.0,3.0,2.0,2.0,4.0,1,0,0,2.0,0.0,2,7.0
1,15000.0,280000.0,1290.0,1.0,2.0,1.0,2.0,2,0,64,4.0,1.0,75,3.0
1,0.0,218829.0,1394.0,2.0,2.0,1.0,3.0,2,0,15,4.0,2.0,64,5.0
1,7400.0,143500.0,1483.0,2.0,0.0,2.0,3.0,2,0,70,2.0,0.0,103,5.0
1,0.0,165900.0,1044.0,1.0,1.0,1.0,3.0,2,0,0,8.0,3.0,61,4.0
0,0.0,530000.0,2741.0,4.0,2.0,2.0,3.0,3,0,0,5.0,3.0,27,7.0
1,0.0,145000.0,957.0,1.0,1.0,1.0,3.0,1,0,51,2.0,0.0,64,4.0
1,5500.0,236000.0,1560.0,2.0,2.0,2.0,3.0,1,0,0,10.0,6.0,35,5.0
1,0.0,265000.0,1520.0,3.0,2.0,2.0,4.0,2,0,0,6.0,3.0,34,7.0
1,0.0,158000.0,1302.0,1.0,1.0,1.0,3.0,2,0,0,2.0,0.0,42,4.0
1,0.0,240000.0,1590.0,2.0,2.0,1.0,2.0,3,0,0,8.0,4.0,16,4.0
1,0.0,322000.0,1038.0,1.0,1.0,1.0,2.0,2,0,0,7.0,2.0,83,3.0
0,0.0,235000.0,1478.0,2.0,2.0,1.0,3.0,1,0,0,3.0,1.0,18,5.0
1,5100.0,300000.0,1258.0,3.0,1.0,2.0,2.0,1,0,0,5.0,2.0,3,5.0
1,0.0,330000.0,2160.0,2.0,1.0,2.0,4.0,1,0,0,8.0,4.0,71,6.0
1,0.0,140000.0,1852.0,2.0,2.0,1.0,4.0,2,0,28,1.0,1.0,63,6.0
1,0.0,210000.0,1824.0,4.0,1.0,1.0,3.0,3,1,0,7.0,4.0,38,7.0
1,0.0,163000.0,1504.0,2.0,2.0,2.0,2.0,1,0,0,4.0,3.0,34,4.0
0,0.0,655000.0,2312.0,2.0,2.0,1.0,3.0,2,0,0,5.0,3.0,36,5.0
1,0.0,340000.0,3460.0,3.0,2.0,2.0,4.0,3,0,0,9.0,6.0,58,7.0
1,0.0,263000.0,2111.0,2.0,0.0,2.0,4.0,1,0,35,9.0,3.0,38,6.0
1,20000.0,299500.0,2461.0,3.0,2.0,2.0,4.0,1,0,79,7.0,4.0,19,7.0
1,10000.0,115000.0,3500.0,3.0,0.0,2.0,4.0,1,0,86,3.0,2.0,52,7.0
1,0.0,290000.0,2070.0,3.0,2.0,1.0,3.0,2,0,42,7.0,5.0,24,6.0
1,0.0,220000.0,1485.0,2.0,2.0,1.0,2.0,2,0,62,5.0,3.0,16,4.0
1,30900.0,412000.0,4004.0,3.0,2.0,1.0,4.0,1,0,65,7.0,5.0,17,7.0
1,0.0,292000.0,1540.0,2.0,2.0,1.0,3.0,1,0,70,9.0,4.0,26,5.0
1,0.0,425000.0,2700.0,4.0,0.0,2.0,3.0,1,0,47,7.0,5.0,33,7.0
1,0.0,275000.0,1494.0,2.0,0.0,1.0,3.0,1,0,30,5.0,1.0,7,5.0
1,0.0,325000.0,2884.0,3.0,2.0,2.0,4.0,1,0,28,7.0,5.0,29,7.0
1,0.0,35000.0,864.0,1.0,0.0,1.0,2.0,2,0,19,1.0,1.0,51,3.0
1,0.0,345000.0,1630.5,4.0,0.0,2.0,8.0,1,0,45,1.0,0.0,49,12.0
1,0.0,184900.0,1248.0,2.0,0.0,1.0,3.0,1,0,34,1.0,0.0,51,5.0
1,0.0,350000.0,2946.0,2.0,0.0,2.0,3.0,1,0,26,4.0,3.0,51,5.0
1,10000.0,60000.0,900.0,1.0,0.0,1.0,2.0,1,0,111,4.0,2.0,51,3.0
1,2500.0,250000.0,1620.0,2.0,1.0,2.0,4.0,2,0,51,8.0,4.0,23,6.0
1,0.0,164900.0,1310.0,2.0,0.0,1.0,2.0,2,0,55,6.0,2.0,58,4.0
1,0.0,169900.0,800.0,1.0,0.0,1.0,2.0,1,0,47,7.0,2.0,51,3.0
1,10000.0,415000.0,3656.0,5.0,0.0,2.0,4.0,2,0,87,7.0,5.0,51,9.0
1,0.0,195000.0,1404.0,2.0,0.0,1.0,3.0,1,0,133,2.0,1.0,19,5.0
1,8000.0,190000.0,1517.0,3.0,1.0,2.0,2.0,1,1,50,6.0,4.0,3,5.0
1,0.0,125000.0,2652.0,2.0,0.0,1.0,3.0,1,0,32,1.0,0.0,51,5.0
1,5100.0,258000.0,1970.0,2.0,0.0,2.0,3.0,2,0,140,2.0,1.0,83,5.0
1,5000.0,200000.0,1776.0,1.0,0.0,1.0,3.0,1,0,83,3.0,2.0,47,4.0
1,5000.0,637500.0,3587.0,3.0,2.0,2.0,4.0,1,0,132,5.0,3.0,23,7.0
1,15000.0,179000.0,1250.0,2.0,0.0,1.0,3.0,2,0,89,5.0,2.0,24,5.0
1,15100.0,318000.0,2132.0,3.0,2.0,2.0,3.0,2,0,40,3.0,2.0,19,6.0
1,0.0,125000.0,1161.0,1.0,0.0,1.0,3.0,1,0,52,1.0,0.0,51,4.0
1,0.0,125000.0,1000.0,1.0,0.0,1.0,3.0,1,0,58,7.0,3.0,48,4.0
1,5000.0,225000.0,1332.0,2.0,2.0,1.0,3.0,2,0,50,7.0,5.0,9,5.0
1,6000.0,138000.0,1000.0,1.0,0.0,1.0,3.0,1,0,104,4.0,2.0,51,4.0
1,0.0,260000.0,2300.0,3.0,2.0,1.0,3.0,3,0,34,7.0,4.0,51,6.0
1,0.0,133000.0,1553.0,3.0,0.0,1.0,3.0,2,0,52,6.0,2.0,51,6.0
0,0.0,318000.0,1630.5,2.0,0.0,2.0,4.0,2,0,0,0.0,0.0,51,6.0
1,0.0,205500.0,1509.0,2.0,0.0,1.0,4.0,1,0,31,6.0,3.0,50,6.0
1,10000.0,405000.0,2525.0,2.0,2.0,1.0,4.0,2,0,228,5.0,3.0,51,6.0
1,0.0,293000.0,2548.0,3.0,0.0,2.0,4.0,2,0,52,7.0,4.0,62,7.0
1,0.0,215000.0,2030.0,4.0,0.0,1.0,4.0,1,0,63,1.0,0.0,39,8.0
1,0.0,245000.0,1580.0,2.0,0.0,1.0,3.0,1,0,56,4.0,1.0,22,5.0
1,0.0,340000.0,3386.0,4.0,0.0,2.0,4.0,1,0,59,10.0,7.0,63,8.0
1,0.0,430000.0,3432.0,4.0,0.0,2.0,3.0,1,0,43,6.0,3.0,19,7.0
1,0.0,175550.0,1758.0,2.0,0.0,1.0,4.0,2,0,25,6.0,3.0,51,6.0
1,9000.0,165000.0,1445.0,2.0,0.0,1.0,3.0,2,0,137,2.0,1.0,45,5.0
1,0.0,253000.0,1475.0,2.0,0.0,2.0,3.0,1,0,38,9.0,6.0,51,5.0
1,0.0,1000000.0,3402.0,2.0,0.0,1.0,3.0,2,0,44,6.0,4.0,23,5.0
1,25000.0,665000.0,3936.0,5.0,2.0,2.0,4.0,1,0,48,8.0,6.0,36,9.0
1,0.0,630000.0,1305.0,2.0,2.0,1.0,2.0,2,0,41,4.0,0.0,69,4.0
1,20000.0,760000.0,1620.0,2.0,0.0,3.0,2.0,1,0,146,6.0,4.0,38,4.0
1,0.0,1220000.0,3012.0,3.0,0.0,3.0,7.0,2,0,46,7.0,4.0,104,10.0
0,0.0,2125000.0,1541.0,3.0,2.0,1.0,2.0,2,0,0,10.0,6.0,3,5.0
1,0.0,558000.0,662.0,1.0,1.0,1.0,1.0,1,0,0,7.0,5.0,6,2.0
1,0.0,740000.0,2610.0,3.0,0.0,3.0,5.0,1,0,0,7.0,4.0,129,8.0
1,0.0,12500000.0,3392.0,3.0,2.0,1.0,3.0,1,0,97,11.0,8.0,16,6.0
1,10000.0,335000.0,470.0,1.0,0.0,1.0,1.0,2,0,66,4.0,2.0,59,2.0
1,0.0,1159000.0,1497.0,1.0,2.0,1.0,1.0,1,0,0,11.0,6.0,104,2.0
1,100000.0,1560000.0,1450.0,2.0,0.0,1.0,3.0,1,0,133,5.0,1.0,120,5.0
1,0.0,637500.0,1015.0,2.0,0.0,1.0,2.0,2,0,0,8.0,4.0,104,4.0
1,74000.0,950000.0,1528.0,2.0,0.0,2.0,3.0,2,0,117,9.0,6.0,149,5.0
1,200000.0,1925000.0,2029.0,3.0,1.0,1.0,3.0,1,0,97,7.0,4.0,21,6.0
1,0.0,610000.0,643.0,1.0,0.0,1.0,2.0,2,0,128,6.0,3.0,114,3.0
1,0.0,825000.0,3000.0,3.0,1.0,6.0,7.0,2,0,78,5.0,3.0,104,10.0
1,0.0,891000.0,3601.0,3.0,0.0,6.0,7.0,2,0,0,7.0,5.0,124,10.0
1,0.0,360000.0,526.0,1.0,0.0,1.0,1.0,2,0,79,6.0,3.0,89,2.0
1,15000.0,400000.0,1052.0,1.0,0.0,1.0,3.0,2,0,69,4.0,1.0,104,4.0
1,24000.0,910000.0,880.0,1.0,0.0,1.0,2.0,1,0,105,8.0,5.0,114,3.0
1,488001.0,3999999.0,2126.0,3.0,1.0,1.0,2.0,1,0,375,5.0,3.0,36,5.0
1,6000.0,40000.0,1630.5,0.0,0.0,1.0,0.0,2,0,45,0.0,0.0,124,0.0
1,0.0,2350000.0,5472.0,6.0,0.0,10.0,12.0,1,0,46,6.0,2.0,104,18.0
1,0.0,621000.0,999.0,1.0,1.0,1.0,2.0,1,0,0,4.0,4.0,79,3.0
1,91000.0,1100000.0,1132.0,2.0,1.0,1.0,2.0,1,0,150,11.0,6.0,18,4.0
1,0.0,1437500.0,1698.0,2.0,0.0,3.0,3.0,2,0,38,8.0,6.0,124,5.0
1,0.0,1279000.0,842.0,1.0,1.0,1.0,1.0,2,0,81,5.0,3.0,4,2.0
1,0.0,1000000.0,2496.0,2.0,2.0,3.0,5.0,1,0,0,2.0,0.0,107,7.0
1,0.0,589000.0,1810.0,2.0,0.0,1.0,5.0,2,0,90,8.0,5.0,99,7.0
1,10000.0,420000.0,791.0,1.0,0.0,1.0,2.0,2,0,126,1.0,1.0,124,3.0
1,14100.0,550000.0,1055.0,1.0,0.0,1.0,2.0,2,0,63,8.0,5.0,114,3.0
1,0.0,670000.0,2964.0,3.0,0.0,1.0,8.0,2,0,52,7.0,5.0,104,11.0
1,40000.0,490000.0,882.0,1.0,0.0,1.0,2.0,1,0,104,7.0,3.0,124,3.0
1,5000.0,585000.0,1238.0,2.0,0.0,1.0,3.0,1,0,71,6.0,4.0,134,5.0
1,155000.0,2300000.0,1494.0,3.0,2.0,1.0,3.0,1,0,295,5.0,2.0,6,6.0
1,0.0,1760000.0,3571.0,4.0,2.0,1.0,4.0,1,0,76,14.0,8.0,86,8.0
1,0.0,556000.0,1274.0,2.0,0.0,1.0,3.0,2,0,54,7.0,4.0,58,5.0
1,0.0,485000.0,1023.0,1.0,0.0,1.0,1.0,2,0,32,11.0,8.0,114,2.0
1,0.0,665000.0,1359.0,3.0,0.0,2.0,3.0,2,0,41,7.0,3.0,99,6.0
1,100000.0,2100000.0,1840.0,3.0,0.0,1.0,2.0,1,0,281,7.0,4.0,18,5.0
1,0.0,560000.0,736.0,1.0,1.0,1.0,1.0,2,0,0,9.0,6.0,6,2.0
1,15000.0,770000.0,790.0,1.0,0.0,1.0,1.0,1,0,98,7.0,4.0,114,2.0
1,10000.0,675000.0,1200.0,2.0,1.0,1.0,2.0,2,0,139,7.0,3.0,35,4.0
1,0.0,1100000.0,5119.0,4.0,0.0,6.0,9.0,2,0,64,6.0,4.0,119,13.0
1,100001.0,1000000.0,4408.0,4.0,1.0,3.0,11.0,1,0,69,13.0,6.0,119,15.0
1,0.0,1465000.0,4095.0,3.0,0.0,6.0,5.0,2,0,82,3.0,1.0,124,8.0
1,0.0,1690000.0,2952.0,4.0,0.0,8.0,6.0,2,0,0,2.0,0.0,134,10.0
1,150000.0,1500000.0,2760.0,4.0,0.0,4.0,6.0,1,1,92,5.0,3.0,124,10.0
1,150000.0,1500000.0,2760.0,0.0,0.0,1.0,5.0,1,0,96,5.0,3.0,124,5.0
1,0.0,635000.0,1945.0,2.0,1.0,1.0,2.0,1,0,45,4.0,1.0,16,4.0
1,0.0,375000.0,1640.0,3.0,0.0,2.0,3.0,1,0,41,7.0,5.0,22,6.0
1,0.0,433000.0,1612.0,2.0,0.0,1.0,3.0,2,0,29,6.0,1.0,59,5.0
1,0.0,224825.0,1630.5,0.0,0.0,1.0,0.0,1,0,357,0.0,0.0,52,0.0
1,0.0,810000.0,2774.0,3.0,2.0,3.0,5.0,1,0,59,2.0,1.0,38,8.0
1,30100.0,599000.0,2164.0,3.0,0.0,2.0,4.0,1,0,173,9.0,6.0,46,7.0
1,0.0,777000.0,4148.0,4.0,0.0,1.0,6.0,1,0,106,4.0,3.0,38,10.0
0,0.0,460000.0,2380.0,3.0,2.0,3.0,3.0,1,0,23,3.0,2.0,32,6.0
1,0.0,289900.0,1620.0,3.0,0.0,3.0,3.0,1,0,35,6.0,2.0,25,6.0
1,0.0,625000.0,1690.0,2.0,0.0,4.0,4.0,1,0,103,7.0,3.0,64,6.0
1,345000.0,7400000.0,9571.0,8.0,2.0,4.0,5.0,1,0,117,9.0,7.0,27,13.0
1,10000.0,380000.0,1649.0,3.0,0.0,3.0,4.0,1,1,103,7.0,4.0,43,7.0
1,0.0,985000.0,1848.0,2.0,0.0,2.0,4.0,1,0,27,12.0,9.0,71,6.0
1,0.0,555000.0,1272.0,2.0,1.0,3.0,3.0,1,0,39,4.0,1.0,41,5.0
1,0.0,452500.0,1713.0,2.0,0.0,2.0,3.0,1,0,65,7.0,5.0,63,5.0
1,35000.0,410000.0,1234.0,2.0,1.0,1.0,2.0,1,1,36,7.0,4.0,32,4.0
1,50000.0,555000.0,3800.0,3.0,0.0,4.0,4.0,1,0,91,2.0,1.0,124,7.0
1,9901.0,580000.0,2980.0,4.0,2.0,3.0,3.0,1,1,98,8.0,4.0,11,7.0
1,0.0,370000.0,1518.0,3.0,0.0,2.0,3.0,2,1,43,10.0,6.0,47,6.0
1,0.0,450000.0,1100.0,2.0,1.0,2.0,4.0,1,0,20,6.0,2.0,58,6.0
1,0.0,372500.0,1577.0,2.0,0.0,2.0,2.0,1,0,42,3.0,1.0,27,4.0
1,0.0,700000.0,2400.0,3.0,0.0,2.0,5.0,1,0,40,9.0,5.0,54,8.0
1,0.0,314000.0,1086.0,2.0,0.0,3.0,1.0,1,1,30,8.0,6.0,40,3.0
1,0.0,459900.0,2106.0,4.0,0.0,3.0,3.0,1,0,54,10.0,7.0,26,7.0
1,0.0,365000.0,1746.0,3.0,0.0,3.0,3.0,1,1,43,6.0,2.0,46,6.0
1,0.0,565000.0,2596.0,3.0,2.0,3.0,3.0,3,0,78,4.0,1.0,47,6.0
1,0.0,850000.0,4415.0,4.0,2.0,2.0,4.0,1,0,65,9.0,7.0,48,8.0
1,0.0,450000.0,1526.0,2.0,0.0,2.0,3.0,1,0,21,5.0,4.0,76,5.0
1,0.0,1195000.0,2433.0,3.0,2.0,2.0,4.0,1,0,12,5.0,2.0,56,7.0
1,11500.0,219000.0,1096.0,2.0,0.0,2.0,3.0,1,0,120,7.0,2.0,58,5.0
1,25000.0,518444.0,1280.0,2.0,0.0,1.0,2.0,1,0,75,10.0,6.0,37,4.0
1,0.0,395000.0,1157.0,2.0,0.0,1.0,2.0,1,0,37,6.0,4.0,14,4.0
1,20000.0,430000.0,1860.0,2.0,0.0,3.0,4.0,1,0,64,9.0,4.0,48,6.0
1,0.0,895000.0,5766.0,5.0,3.0,3.0,4.0,1,0,77,3.0,1.0,16,9.0
1,0.0,600000.0,2016.0,3.0,1.0,3.0,3.0,1,0,124,6.0,4.0,50,6.0
1,0.0,287500.0,1016.0,2.0,0.0,1.0,2.0,1,0,38,9.0,4.0,54,4.0
1,0.0,999999.0,1391.0,2.0,0.0,2.0,2.0,1,0,24,5.0,2.0,49,4.0
1,0.0,520000.0,2092.0,3.0,1.0,2.0,3.0,1,1,126,9.0,7.0,35,6.0
1,20000.0,430000.0,2580.0,1.0,0.0,2.0,2.0,1,0,63,11.0,7.0,58,3.0
1,0.0,550000.0,1590.0,3.0,2.0,2.0,4.0,1,0,34,8.0,5.0,45,7.0
1,9900.0,343000.0,1103.0,2.0,0.0,1.0,2.0,1,0,56,3.0,1.0,36,4.0
1,0.0,420000.0,1560.0,2.0,0.0,3.0,4.0,1,0,25,6.0,3.0,46,6.0
1,0.0,999999.0,1361.0,2.0,1.0,4.0,2.0,1,1,33,6.0,5.0,100,4.0
1,0.0,230000.0,858.0,1.0,0.0,1.0,1.0,1,0,31,7.0,4.0,45,2.0
1,5000.0,32500.0,902.0,1.0,0.0,2.0,3.0,1,0,30,2.0,0.0,110,4.0
1,0.0,132500.0,995.0,1.0,1.0,1.0,2.0,1,0,17,6.0,3.0,75,3.0
1,0.0,108000.0,984.0,2.0,0.0,2.0,2.0,1,0,42,3.0,1.0,100,4.0
1,0.0,402000.0,4410.0,4.0,0.0,2.0,4.0,3,0,51,6.0,3.0,35,8.0
1,0.0,26000.0,1000.0,1.0,0.0,2.0,3.0,1,0,15,4.0,2.0,114,4.0
1,0.0,163000.0,1630.5,2.0,0.0,1.0,4.0,3,0,45,2.0,0.0,40,6.0
1,10000.0,140000.0,1028.0,1.0,0.0,1.0,3.0,4,0,44,3.0,1.0,45,4.0
1,0.0,300000.0,1954.0,2.0,0.0,1.0,3.0,2,0,63,7.0,4.0,51,5.0
1,0.0,110000.0,832.0,1.0,0.0,1.0,2.0,3,0,57,5.0,3.0,80,3.0
1,0.0,175100.0,1015.0,3.0,0.0,2.0,3.0,1,0,45,5.0,3.0,75,6.0
1,0.0,204000.0,960.0,2.0,0.0,1.0,3.0,1,0,49,8.0,3.0,67,5.0
1,10100.0,310000.0,2630.0,3.0,0.0,2.0,4.0,1,0,102,6.0,3.0,30,7.0
1,37550.0,162450.0,1008.0,1.0,0.0,1.0,3.0,1,0,144,4.0,1.0,21,4.0
1,0.0,315000.0,3204.0,3.0,0.0,2.0,4.0,1,0,61,9.0,4.0,47,7.0
1,0.0,130000.0,1354.0,2.0,0.0,2.0,3.0,3,0,35,6.0,2.0,102,5.0
1,4900.0,197000.0,1921.0,2.0,0.0,2.0,3.0,1,0,98,8.0,4.0,45,5.0
1,0.0,89900.0,624.0,1.0,0.0,1.0,2.0,3,0,124,2.0,1.0,75,3.0
1,0.0,159900.0,1630.5,3.0,0.0,1.0,5.0,2,0,40,2.0,0.0,82,8.0
1,0.0,148800.0,1644.0,2.0,0.0,2.0,3.0,3,0,20,3.0,2.0,43,5.0
1,0.0,75000.0,774.0,1.0,0.0,1.0,2.0,3,0,40,3.0,2.0,99,3.0
1,0.0,62500.0,812.0,1.0,0.0,1.0,2.0,1,0,31,2.0,0.0,84,3.0
1,5000.0,69000.0,1442.0,2.0,0.0,2.0,4.0,3,0,94,2.0,0.0,52,6.0
1,0.0,79900.0,660.0,1.0,0.0,1.0,1.0,3,0,63,2.0,0.0,100,2.0
1,0.0,125000.0,1465.0,2.0,0.0,1.0,3.0,1,0,56,8.0,3.0,70,5.0
1,0.0,106900.0,1884.0,1.0,0.0,1.0,2.0,1,0,21,2.0,0.0,71,3.0
1,4000.0,330000.0,2414.0,3.0,0.0,1.0,5.0,3,0,63,6.0,3.0,20,8.0
1,0.0,480000.0,4948.0,5.0,0.0,2.0,5.0,3,0,35,7.0,3.0,26,10.0
1,0.0,185000.0,2375.0,2.0,0.0,1.0,3.0,1,0,80,3.0,2.0,57,5.0
1,0.0,135000.0,1076.0,1.0,0.0,1.0,2.0,3,0,37,4.0,1.0,82,3.0
1,5000.0,138000.0,1815.0,2.0,0.0,2.0,3.0,3,0,57,7.0,4.0,101,5.0
1,0.0,100000.0,1203.0,2.0,0.0,2.0,3.0,1,0,50,4.0,2.0,77,5.0
1,0.0,75000.0,1362.0,1.0,0.0,1.0,3.0,1,0,14,4.0,1.0,68,4.0
1,0.0,89900.0,1630.5,2.0,0.0,1.0,2.0,2,0,32,0.0,0.0,3,4.0
1,10000.0,145000.0,1333.0,1.0,0.0,2.0,3.0,1,0,85,4.0,1.0,72,4.0
1,0.0,245000.0,2250.0,2.0,0.0,1.0,3.0,1,0,41,5.0,2.0,72,5.0
1,10000.0,49900.0,1630.5,2.0,0.0,1.0,3.0,2,0,145,1.0,0.0,29,5.0
1,0.0,225000.0,1826.0,2.0,0.0,2.0,3.0,3,0,41,4.0,2.0,64,5.0
1,0.0,237050.0,2046.0,3.0,0.0,2.0,4.0,2,0,56,6.0,3.0,55,7.0
1,0.0,169400.0,1298.0,2.0,0.0,2.0,3.0,2,0,31,4.0,3.0,103,5.0
1,0.0,155000.0,1312.0,1.0,0.0,1.0,3.0,1,0,38,7.0,3.0,62,4.0
1,0.0,167000.0,1467.0,3.0,0.0,2.0,3.0,1,0,58,6.0,3.0,46,6.0
1,0.0,95000.0,1100.0,2.0,0.0,1.0,2.0,2,0,0,2.0,0.0,51,4.0
1,0.0,110000.0,882.0,1.0,0.0,2.0,2.0,2,0,25,8.0,3.0,94,3.0
1,10000.0,117000.0,1044.0,1.0,0.0,1.0,3.0,1,0,123,3.0,0.0,49,4.0
1,0.0,135900.0,1872.0,2.0,0.0,2.0,3.0,3,0,60,5.0,2.0,65,5.0
1,25000.0,370000.0,1804.0,2.0,1.0,4.0,4.0,1,0,68,8.0,5.0,69,6.0
1,50000.0,675000.0,3700.0,4.0,3.0,2.0,4.0,1,0,60,5.0,3.0,39,8.0
1,0.0,285000.0,1379.0,2.0,2.0,2.0,3.0,1,0,59,6.0,3.0,111,5.0
1,0.0,191000.0,882.0,1.0,0.0,2.0,2.0,1,0,43,2.0,1.0,124,3.0
1,20000.0,747000.0,3106.0,4.0,2.0,2.0,4.0,3,0,90,6.0,3.0,96,8.0
1,0.0,262500.0,1398.0,2.0,1.0,1.0,4.0,1,0,39,8.0,3.0,67,6.0
1,0.0,224325.0,1662.0,2.0,2.0,1.0,3.0,1,0,35,3.0,2.0,116,5.0
1,0.0,263000.0,1406.0,2.0,1.0,1.0,4.0,1,0,34,6.0,2.0,77,6.0
1,15000.0,323000.0,1600.0,1.0,2.0,1.0,3.0,2,0,107,7.0,3.0,85,4.0
1,0.0,195000.0,1359.0,1.0,0.0,1.0,3.0,1,0,35,7.0,3.0,133,4.0
1,0.0,222000.0,1725.0,3.0,0.0,2.0,4.0,1,0,71,4.0,3.0,127,7.0
1,0.0,719000.0,2462.0,4.0,2.0,2.0,3.0,1,0,78,8.0,5.0,92,7.0
1,50100.0,675000.0,3300.0,4.0,2.0,2.0,5.0,1,0,128,9.0,6.0,45,9.0
1,0.0,733900.0,3302.0,3.0,2.0,1.0,4.0,2,0,41,2.0,1.0,74,7.0
1,0.0,320000.0,1527.0,2.0,1.0,1.0,3.0,1,0,58,3.0,1.0,101,5.0
1,0.0,200791.0,1517.0,1.0,0.0,2.0,4.0,1,0,61,6.0,3.0,112,5.0
1,50000.0,545000.0,2649.0,2.0,2.0,2.0,4.0,3,0,87,7.0,4.0,99,6.0
1,10000.0,60000.0,684.0,1.0,1.0,1.0,2.0,3,0,114,2.0,0.0,142,3.0
1,25000.0,203000.0,1348.0,1.0,2.0,1.0,3.0,1,0,62,3.0,2.0,98,4.0
1,0.0,315000.0,1970.0,2.0,3.0,1.0,3.0,1,0,48,7.0,3.0,92,5.0
1,0.0,1795000.0,6524.0,5.0,4.0,2.0,6.0,1,0,126,9.0,5.0,122,11.0
1,0.0,203000.0,1753.0,2.0,2.0,1.0,3.0,1,0,57,3.0,0.0,73,5.0
1,0.0,210000.0,1170.0,3.0,2.0,2.0,2.0,2,1,39,8.0,3.0,46,5.0
1,0.0,858000.0,2849.0,3.0,2.0,2.0,4.0,1,0,43,10.0,6.0,31,7.0
1,0.0,630000.0,2122.0,2.0,2.0,1.0,3.0,1,0,76,8.0,4.0,76,5.0
1,5000.0,248000.0,1640.0,2.0,1.0,1.0,3.0,1,0,55,7.0,3.0,102,5.0
1,25000.0,485000.0,3580.0,2.0,2.0,2.0,6.0,1,0,96,1.0,0.0,115,8.0
1,5000.0,144000.0,980.0,1.0,0.0,2.0,2.0,1,1,86,4.0,2.0,59,3.0
1,0.0,307000.0,1493.0,2.0,2.0,1.0,4.0,3,0,67,8.0,3.0,61,6.0
1,12000.0,239000.0,1040.0,1.0,1.0,1.0,2.0,1,0,81,4.0,2.0,107,3.0
1,0.0,260000.0,1844.0,2.0,1.0,2.0,4.0,3,0,35,4.0,2.0,124,6.0
1,0.0,226500.0,1133.0,2.0,0.0,1.0,3.0,2,0,137,4.0,2.0,71,5.0
1,0.0,675000.0,2286.0,3.0,2.0,2.0,4.0,1,0,158,5.0,3.0,102,7.0
1,0.0,224900.0,720.0,2.0,1.0,1.0,2.0,1,0,39,6.0,1.0,77,4.0
1,6000.0,170000.0,571.0,2.0,1.0,1.0,1.0,3,0,68,1.0,1.0,105,3.0
1,5000.0,30000.0,1630.5,0.0,0.0,1.0,0.0,1,0,88,2.0,0.0,52,0.0
1,0.0,220000.0,788.0,1.0,1.0,1.0,0.0,1,0,69,3.0,2.0,124,1.0
1,0.0,325000.0,1453.0,2.0,2.0,1.0,4.0,2,0,104,6.0,3.0,98,6.0
1,0.0,207000.0,1262.0,1.0,1.0,1.0,2.0,1,0,55,5.0,0.0,83,3.0
1,0.0,247900.0,1225.0,2.0,0.0,2.0,4.0,3,0,99,2.0,0.0,134,6.0
1,0.0,389900.0,2277.0,3.0,0.0,2.0,6.0,1,0,48,2.0,1.0,135,9.0
1,10000.0,221500.0,864.0,1.0,1.0,1.0,2.0,1,0,60,5.0,2.0,97,3.0
1,0.0,420000.0,1928.0,2.0,2.0,1.0,4.0,1,0,39,4.0,2.0,68,6.0
1,0.0,393000.0,2152.0,3.0,2.0,2.0,3.0,2,0,8,5.0,0.0,14,6.0
1,0.0,250000.0,992.0,1.0,1.0,1.0,2.0,2,0,56,6.0,3.0,73,3.0
1,0.0,705000.0,2592.0,4.0,2.0,2.0,4.0,1,0,71,9.0,5.0,108,8.0
1,0.0,290000.0,1180.0,2.0,0.0,1.0,3.0,1,0,44,6.0,2.0,63,5.0
1,15000.0,333500.0,1323.0,2.0,1.0,1.0,3.0,1,0,64,8.0,3.0,29,5.0
1,10000.0,311500.0,1526.0,3.0,0.0,2.0,2.0,1,1,172,10.0,5.0,39,5.0
1,0.0,272500.0,1697.0,3.0,1.0,2.0,3.0,1,0,13,8.0,4.0,38,6.0
1,0.0,905000.0,4179.0,5.0,0.0,2.0,6.0,1,0,68,11.0,5.0,109,11.0
1,21000.0,315000.0,1531.0,3.0,2.0,2.0,3.0,1,0,126,14.0,8.0,20,6.0
1,35000.0,205000.0,1071.0,2.0,0.0,1.0,3.0,2,0,128,3.0,1.0,45,5.0
1,100.0,700000.0,2857.0,3.0,2.0,2.0,3.0,1,0,270,9.0,4.0,26,6.0
1,10000.0,500000.0,1502.0,2.0,2.0,1.0,3.0,1,0,81,7.0,3.0,43,5.0
1,0.0,509000.0,2333.0,3.0,2.0,2.0,3.0,1,0,46,11.0,6.0,25,6.0
1,50000.0,1660000.0,7576.0,6.0,3.0,2.0,4.0,2,0,146,7.0,3.0,29,10.0
1,0.0,707500.0,3115.0,3.0,2.0,2.0,4.0,1,0,68,14.0,9.0,19,7.0
1,0.0,3200000.0,11218.0,9.0,4.0,2.0,6.0,1,0,81,9.0,5.0,21,15.0
1,5000.0,246500.0,1230.0,3.0,0.0,2.0,2.0,1,1,70,7.0,4.0,29,5.0
1,2000.0,280000.0,1507.0,3.0,1.0,2.0,3.0,1,1,130,10.0,5.0,17,6.0
1,0.0,560000.0,2878.0,3.0,3.0,2.0,3.0,2,0,39,5.0,2.0,43,6.0
1,32000.0,415000.0,1952.0,3.0,2.0,2.0,4.0,1,0,74,8.0,4.0,28,7.0
1,30000.0,641450.0,3240.0,3.0,2.0,2.0,5.0,1,0,92,14.0,7.0,10,8.0
1,14000.0,383000.0,1543.0,3.0,0.0,2.0,3.0,1,0,49,14.0,7.0,24,6.0
1,500.0,525000.0,1625.0,2.0,1.0,1.0,2.0,1,0,218,8.0,6.0,19,4.0
1,25000.0,750000.0,2734.0,4.0,3.0,2.0,4.0,1,0,63,4.0,2.0,6,8.0
1,3000.0,270000.0,1630.0,3.0,0.0,3.0,3.0,1,0,139,11.0,6.0,19,6.0
1,0.0,1150000.0,4443.0,5.0,3.0,2.0,4.0,1,0,106,9.0,5.0,21,9.0
1,3000.0,425000.0,1578.0,2.0,2.0,1.0,3.0,1,0,69,7.0,2.0,2,5.0
1,25000.0,874900.0,4364.0,6.0,2.0,2.0,5.0,1,0,93,14.0,8.0,20,11.0
1,10000.0,290000.0,1246.0,2.0,0.0,1.0,3.0,1,0,82,3.0,1.0,5,5.0
1,0.0,238000.0,1058.0,2.0,0.0,2.0,2.0,1,1,66,6.0,2.0,40,4.0
1,7000.0,390000.0,1652.0,3.0,1.0,2.0,3.0,1,1,55,13.0,7.0,16,6.0
1,0.0,487000.0,676.0,1.0,0.0,1.0,2.0,2,0,266,2.0,2.0,77,3.0
1,100000.0,690000.0,1630.5,0.0,0.0,1.0,0.0,1,0,460,3.0,2.0,63,0.0
1,0.0,400000.0,1617.0,3.0,0.0,2.0,3.0,2,0,42,9.0,3.0,34,6.0
1,15000.0,725000.0,2496.0,4.0,1.0,3.0,3.0,1,1,126,11.0,7.0,16,7.0
1,5000.0,375000.0,1657.0,3.0,0.0,2.0,3.0,1,0,71,7.0,5.0,42,6.0
1,0.0,310000.0,748.0,1.0,0.0,1.0,1.0,1,0,49,4.0,1.0,44,2.0
1,11000.0,399000.0,1973.0,3.0,1.0,2.0,4.0,3,0,63,12.0,6.0,57,7.0
1,0.0,437000.0,2057.0,3.0,2.0,2.0,3.0,1,0,33,12.0,7.0,27,6.0
1,200000.0,1862500.0,5743.0,4.0,3.0,2.0,4.0,1,0,282,11.0,6.0,16,8.0
1,0.0,356000.0,2079.0,3.0,1.0,2.0,3.0,2,0,60,5.0,2.0,18,6.0
1,0.0,650000.0,2105.0,3.0,2.0,1.0,3.0,1,0,26,14.0,8.0,22,6.0
1,0.0,350000.0,1723.0,3.0,0.0,1.0,3.0,1,0,40,7.0,3.0,19,6.0
1,0.0,440000.0,2217.0,3.0,2.0,2.0,3.0,1,1,71,14.0,7.0,18,6.0
1,0.0,335000.0,1539.0,2.0,0.0,1.0,3.0,1,0,38,5.0,2.0,37,5.0
1,10000.0,410000.0,1832.0,3.0,2.0,1.0,3.0,1,1,61,14.0,6.0,19,6.0
1,0.0,1125000.0,2283.0,3.0,0.0,2.0,3.0,1,0,64,8.0,5.0,75,6.0
1,10000.0,280000.0,1266.0,2.0,1.0,1.0,2.0,1,0,145,6.0,4.0,18,4.0
1,0.0,421480.0,2309.0,3.0,2.0,1.0,3.0,1,1,49,5.0,3.0,46,6.0
1,0.0,435000.0,3418.0,4.0,2.0,2.0,4.0,1,0,77,7.0,4.0,44,8.0
1,10000.0,259900.0,1963.0,2.0,1.0,2.0,3.0,1,0,43,10.0,6.0,91,5.0
1,0.0,644000.0,4006.0,4.0,3.0,2.0,6.0,1,0,131,10.0,5.0,28,10.0
1,0.0,355000.0,2774.0,4.0,2.0,2.0,6.0,1,0,39,5.0,2.0,36,10.0
1,0.0,360000.0,2683.0,3.0,3.0,1.0,4.0,1,0,45,5.0,1.0,9,7.0
1,0.0,134000.0,785.0,1.0,0.0,1.0,2.0,1,0,11,2.0,0.0,69,3.0
1,0.0,190000.0,1850.0,2.0,2.0,1.0,2.0,1,1,62,6.0,5.0,45,4.0
1,0.0,640000.0,2636.0,2.0,2.0,2.0,2.0,1,1,86,5.0,3.0,35,4.0
1,11700.0,215000.0,1028.0,2.0,2.0,2.0,3.0,1,0,58,9.0,4.0,30,5.0
1,0.0,415000.0,3376.0,4.0,3.0,2.0,3.0,1,0,95,8.0,4.0,26,7.0
1,0.0,707000.0,3261.0,3.0,2.0,2.0,3.0,2,0,85,5.0,2.0,99,6.0
1,0.0,215000.0,1740.0,2.0,1.0,1.0,2.0,1,0,66,8.0,3.0,25,4.0
1,0.0,225000.0,1320.0,2.0,1.0,2.0,2.0,1,1,63,5.0,1.0,45,4.0
1,0.0,262500.0,1634.0,2.0,2.0,1.0,3.0,1,0,44,6.0,2.0,64,5.0
1,3000.0,260000.0,1900.0,3.0,2.0,1.0,3.0,1,0,74,7.0,5.0,29,6.0
1,0.0,187000.0,1076.0,1.0,1.0,1.0,3.0,1,0,51,7.0,3.0,68,4.0
1,0.0,135000.0,720.0,1.0,1.0,1.0,2.0,1,1,25,4.0,1.0,48,3.0
1,10000.0,320000.0,2350.0,3.0,2.0,1.0,4.0,1,0,58,10.0,5.0,22,7.0
1,0.0,328350.0,2740.0,3.0,2.0,2.0,4.0,1,0,85,13.0,8.0,55,7.0
1,0.0,203000.0,950.0,2.0,1.0,1.0,2.0,1,0,59,8.0,5.0,98,4.0
1,0.0,520000.0,2818.0,4.0,2.0,2.0,3.0,1,0,72,12.0,7.0,43,7.0
1,0.0,737000.0,3908.0,5.0,3.0,2.0,5.0,1,0,62,5.0,2.0,7,10.0
1,400.0,300000.0,1956.0,2.0,2.0,1.0,3.0,1,0,83,5.0,0.0,50,5.0
1,10000.0,160000.0,864.0,1.0,1.0,1.0,2.0,2,0,78,8.0,4.0,124,3.0
1,0.0,277000.0,1572.0,3.0,2.0,2.0,3.0,1,0,41,4.0,2.0,33,6.0
1,0.0,155350.0,850.0,1.0,1.0,1.0,2.0,1,0,35,6.0,3.0,74,3.0
1,0.0,269000.0,1796.0,3.0,2.0,2.0,3.0,1,0,42,7.0,2.0,48,6.0
1,5000.0,206000.0,1463.0,3.0,2.0,2.0,2.0,1,0,124,5.0,1.0,46,5.0
1,15000.0,262500.0,1252.0,1.0,1.0,2.0,3.0,2,0,62,3.0,1.0,89,4.0
1,0.0,324900.0,2118.0,2.0,2.0,1.0,5.0,1,0,41,6.0,1.0,48,7.0
1,0.0,270000.0,2137.0,3.0,2.0,1.0,4.0,2,0,27,3.0,0.0,22,7.0
1,0.0,245000.0,1524.0,2.0,2.0,2.0,3.0,1,0,32,9.0,5.0,49,5.0
1,0.0,349000.0,2424.0,3.0,2.0,1.0,3.0,1,1,41,9.0,6.0,21,6.0
1,0.0,822500.0,2230.0,3.0,2.0,1.0,2.0,1,0,127,11.0,7.0,14,5.0
1,0.0,210000.0,1028.0,2.0,2.0,2.0,3.0,1,0,54,5.0,2.0,44,5.0
1,0.0,225000.0,2018.0,2.0,0.0,2.0,3.0,1,0,32,10.0,5.0,99,5.0
1,0.0,425000.0,2511.0,3.0,2.0,1.0,3.0,1,1,53,7.0,5.0,3,6.0
1,0.0,260000.0,2086.0,2.0,2.0,1.0,3.0,1,0,39,9.0,4.0,50,5.0
1,0.0,364500.0,2304.0,3.0,2.0,1.0,3.0,1,1,52,8.0,5.0,9,6.0
1,0.0,609000.0,2898.0,3.0,3.0,1.0,3.0,1,0,95,10.0,6.0,9,6.0
1,0.0,295000.0,1861.0,2.0,2.0,1.0,3.0,3,0,19,9.0,4.0,32,5.0
0,0.0,170000.0,1109.0,2.0,2.0,1.0,2.0,1,1,27,3.0,0.0,29,4.0
0,0.0,74000.0,1630.5,0.0,0.0,1.0,0.0,1,0,821,1.0,1.0,52,0.0
0,0.0,64000.0,1630.5,0.0,0.0,1.0,0.0,1,0,827,1.0,1.0,52,0.0
1,0.0,258000.0,2078.0,2.0,1.0,2.0,3.0,1,0,71,6.0,1.0,51,5.0
1,10000.0,245000.0,1200.0,2.0,2.0,1.0,2.0,1,1,90,8.0,4.0,6,4.0
1,0.0,669000.0,3346.0,4.0,3.0,1.0,5.0,1,0,35,5.0,3.0,3,9.0
1,0.0,575000.0,3768.0,3.0,0.0,3.0,0.0,2,0,0,5.0,3.0,181,3.0
1,0.0,339000.0,1354.0,1.0,0.0,1.0,3.0,2,0,0,8.0,2.0,173,4.0
1,0.0,412000.0,1653.0,2.0,5.0,1.0,3.0,2,0,42,3.0,3.0,123,5.0
1,0.0,127000.0,1005.0,1.0,0.0,2.0,2.0,3,1,115,1.0,0.0,137,3.0
1,0.0,145000.0,1630.5,1.0,0.0,3.0,3.0,3,1,85,0.0,0.0,54,4.0
1,0.0,142000.0,1158.0,1.0,0.0,2.0,3.0,1,1,60,1.0,0.0,104,4.0
1,9100.0,220000.0,1632.0,2.0,0.0,3.0,4.0,3,1,187,2.0,0.0,112,6.0
0,0.0,188000.0,2016.0,2.0,0.0,3.0,4.0,3,1,0,1.0,0.0,122,6.0
1,0.0,285000.0,1481.0,2.0,0.0,2.0,3.0,3,1,99,2.0,0.0,124,5.0
0,0.0,150000.0,1902.0,0.0,0.0,1.0,4.0,3,0,0,0.0,0.0,148,4.0
0,0.0,150000.0,1749.0,0.0,0.0,1.0,4.0,3,0,0,0.0,0.0,148,4.0
1,0.0,105000.0,1641.0,1.0,0.0,3.0,5.0,3,1,160,1.0,0.0,128,6.0
1,0.0,150000.0,1269.0,1.0,0.0,3.0,4.0,1,1,95,0.0,0.0,113,5.0
1,0.0,275000.0,1402.0,1.0,0.0,2.0,3.0,2,0,77,1.0,0.0,93,4.0
1,10000.0,200000.0,1963.0,2.0,0.0,3.0,5.0,1,1,91,0.0,0.0,116,7.0
1,0.0,360000.0,1605.0,2.0,1.0,2.0,2.0,3,0,63,5.0,2.0,34,4.0
1,10000.0,240000.0,2156.0,0.0,0.0,1.0,4.0,2,0,79,1.0,0.0,112,4.0
1,0.0,100000.0,1240.0,1.0,0.0,2.0,2.0,1,1,48,1.0,0.0,187,3.0
1,15500.0,280000.0,1280.0,2.0,1.0,2.0,3.0,1,0,125,2.0,0.0,113,5.0
1,0.0,465000.0,1616.0,2.0,0.0,3.0,3.0,1,0,76,4.0,0.0,65,5.0
1,0.0,210000.0,2572.0,0.0,0.0,1.0,4.0,2,0,70,0.0,0.0,137,4.0
1,0.0,140000.0,1101.0,1.0,0.0,2.0,3.0,2,0,100,2.0,0.0,109,4.0
1,0.0,400000.0,1746.0,3.0,1.0,2.0,3.0,1,0,106,4.0,1.0,8,6.0
1,0.0,685000.0,2116.0,3.0,1.0,2.0,3.0,3,1,128,6.0,3.0,21,6.0
1,0.0,200000.0,1222.0,2.0,0.0,1.0,3.0,1,0,65,3.0,1.0,136,5.0
1,0.0,359000.0,2349.0,0.0,2.0,1.0,6.0,1,0,123,3.0,0.0,123,6.0
1,0.0,295000.0,1380.0,1.0,0.0,3.0,4.0,1,1,137,3.0,0.0,98,5.0
1,0.0,400000.0,1630.5,4.0,2.0,3.0,4.0,1,0,78,4.0,2.0,18,8.0
1,0.0,297000.0,1630.5,2.0,0.0,2.0,5.0,1,0,104,1.0,0.0,51,7.0
1,0.0,250000.0,1904.0,2.0,2.0,3.0,4.0,3,0,36,0.0,0.0,127,6.0
1,0.0,221000.0,2745.0,0.0,0.0,1.0,4.0,1,0,245,2.0,0.0,131,4.0
1,0.0,220000.0,1358.0,2.0,0.0,3.0,4.0,2,1,63,0.0,0.0,113,6.0
1,0.0,153000.0,1376.0,1.0,0.0,3.0,3.0,1,0,21,3.0,0.0,126,4.0
1,5000.0,120000.0,1320.0,2.0,0.0,2.0,3.0,2,1,32,2.0,0.0,132,5.0
1,0.0,147000.0,1128.0,1.0,0.0,3.0,2.0,2,1,24,1.0,0.0,136,3.0
1,5100.0,200000.0,1296.0,1.0,0.0,2.0,3.0,1,1,174,3.0,1.0,22,4.0
1,0.0,345000.0,1064.0,2.0,1.0,2.0,2.0,3,0,40,4.0,0.0,62,4.0
1,0.0,106000.0,840.0,1.0,0.0,2.0,3.0,1,1,57,2.0,1.0,98,4.0
1,0.0,762000.0,2608.0,3.0,1.0,2.0,5.0,3,1,65,5.0,1.0,19,8.0
1,0.0,90000.0,1630.5,0.0,0.0,1.0,0.0,1,0,94,0.0,0.0,51,0.0
1,0.0,300000.0,1496.0,2.0,0.0,2.0,3.0,3,0,115,4.0,2.0,94,5.0
1,9999.0,497000.0,1680.0,2.0,1.0,2.0,5.0,2,0,81,6.0,3.0,31,7.0
1,0.0,220000.0,1630.5,1.0,0.0,2.0,3.0,3,0,76,6.0,4.0,103,4.0
1,20000.0,245000.0,1826.0,2.0,0.0,2.0,3.0,3,1,117,1.0,0.0,78,5.0
1,0.0,150000.0,1824.0,1.0,0.0,3.0,5.0,3,1,57,0.0,0.0,123,6.0
1,0.0,180000.0,1228.0,2.0,0.0,3.0,4.0,3,1,27,3.0,1.0,108,6.0
1,0.0,65000.0,1472.0,2.0,0.0,3.0,3.0,1,0,125,0.0,0.0,123,5.0
1,0.0,130000.0,1630.5,1.0,0.0,1.0,2.0,3,0,37,2.0,1.0,137,3.0
1,10000.0,640000.0,2317.0,3.0,2.0,1.0,3.0,3,0,187,5.0,2.0,57,6.0
0,0.0,335500.0,1760.0,2.0,2.0,1.0,3.0,2,0,0,4.0,2.0,23,5.0
1,15900.0,460000.0,1339.0,2.0,2.0,1.0,3.0,1,0,91,3.0,0.0,23,5.0
1,0.0,820000.0,2833.0,3.0,3.0,2.0,5.0,1,0,51,8.0,5.0,27,8.0
1,0.0,295000.0,1040.0,2.0,0.0,2.0,2.0,2,0,82,8.0,3.0,52,4.0
1,0.0,500000.0,1391.0,2.0,1.0,2.0,4.0,1,0,117,7.0,4.0,50,6.0
1,15100.0,440000.0,1956.0,2.0,2.0,1.0,3.0,2,0,147,6.0,5.0,51,5.0
1,0.0,424099.0,1186.0,2.0,4.0,1.0,3.0,1,0,56,8.0,4.0,53,5.0
1,0.0,435000.0,1428.0,2.0,2.0,1.0,3.0,1,0,53,6.0,2.0,48,5.0
1,0.0,465000.0,1721.0,2.0,2.0,1.0,3.0,1,0,65,7.0,4.0,60,5.0
1,38000.0,700000.0,2713.0,3.0,3.0,2.0,4.0,1,0,80,10.0,5.0,24,7.0
1,0.0,370000.0,1092.0,2.0,2.0,1.0,3.0,1,0,46,5.0,2.0,54,5.0
1,15000.0,705000.0,2174.0,2.0,3.0,1.0,3.0,1,0,76,7.0,4.0,28,5.0
1,4000.0,425000.0,1847.0,2.0,2.0,1.0,4.0,1,0,209,6.0,3.0,47,6.0
1,0.0,1285000.0,2573.0,5.0,9.0,2.0,3.0,1,0,124,7.0,4.0,7,8.0
1,0.0,1500000.0,3060.0,3.0,8.0,2.0,4.0,1,0,47,8.0,5.0,49,7.0
1,0.0,429000.0,1460.0,3.0,1.0,2.0,3.0,1,1,29,4.0,1.0,3,6.0
1,0.0,822500.0,1630.5,0.0,0.0,1.0,0.0,1,0,607,1.0,1.0,51,0.0
1,0.0,325000.0,1630.5,0.0,0.0,1.0,0.0,1,0,242,1.0,1.0,51,0.0
1,0.0,689900.0,2433.0,2.0,3.0,1.0,4.0,1,0,66,9.0,5.0,29,6.0
1,0.0,365000.0,1227.0,2.0,2.0,1.0,2.0,1,0,41,6.0,1.0,31,4.0
1,22500.0,385000.0,1260.0,3.0,1.0,2.0,3.0,2,0,184,5.0,1.0,21,6.0
1,0.0,800000.0,2029.0,3.0,6.0,2.0,3.0,1,0,55,7.0,3.0,51,6.0
1,20000.0,575000.0,1872.0,3.0,2.0,1.0,3.0,1,0,106,7.0,4.0,52,6.0
1,0.0,405000.0,1140.0,3.0,1.0,2.0,3.0,2,0,81,7.0,3.0,2,6.0
1,0.0,157000.0,1630.5,0.0,0.0,1.0,0.0,2,0,354,1.0,1.0,51,0.0
1,0.0,375000.0,1056.0,2.0,2.0,1.0,3.0,1,0,36,7.0,3.0,52,5.0
1,0.0,385000.0,1813.0,2.0,0.0,1.0,4.0,2,0,64,3.0,2.0,26,6.0
1,0.0,358000.0,1620.0,2.0,2.0,1.0,3.0,1,0,56,6.0,3.0,34,5.0
1,0.0,560000.0,2573.0,3.0,2.0,2.0,4.0,1,0,56,8.0,4.0,30,7.0
1,50000.0,650000.0,3182.0,5.0,3.0,1.0,6.0,3,0,96,11.0,4.0,48,11.0
1,23000.0,345000.0,1068.0,1.0,1.0,1.0,2.0,1,0,135,9.0,5.0,77,3.0
1,10000.0,415000.0,1518.0,3.0,2.0,2.0,3.0,1,1,77,5.0,2.0,3,6.0
1,0.0,826000.0,2543.0,3.0,3.0,1.0,3.0,1,0,31,6.0,3.0,22,6.0
1,0.0,400000.0,1361.0,2.0,2.0,1.0,3.0,2,0,44,7.0,2.0,47,5.0
1,10600.0,465000.0,1867.0,2.0,2.0,1.0,3.0,3,0,112,10.0,5.0,52,5.0
1,0.0,440000.0,1669.0,3.0,2.0,1.0,4.0,1,0,84,10.0,6.0,58,7.0
1,0.0,490000.0,1615.0,2.0,2.0,1.0,3.0,3,0,27,8.0,5.0,16,5.0
1,0.0,50000.0,1630.5,0.0,0.0,1.0,0.0,1,0,23,1.0,1.0,51,0.0
1,0.0,250000.0,660.0,1.0,0.0,1.0,2.0,1,0,23,4.0,2.0,89,3.0
1,0.0,505000.0,1577.0,1.0,1.0,2.0,4.0,1,0,32,9.0,5.0,93,5.0
1,0.0,515000.0,1848.0,2.0,2.0,1.0,3.0,3,0,159,8.0,5.0,18,5.0
1,25000.0,300000.0,1308.0,2.0,0.0,1.0,2.0,1,0,542,7.0,4.0,89,4.0
1,0.0,265300.0,1240.0,2.0,0.0,2.0,2.0,2,1,35,5.0,1.0,48,4.0
1,10100.0,350000.0,1630.5,0.0,0.0,1.0,0.0,2,0,182,1.0,1.0,51,0.0
1,0.0,925000.0,2980.0,3.0,5.0,1.0,3.0,2,0,81,7.0,4.0,45,6.0
0,5000.0,235000.0,1584.0,1.0,2.0,1.0,4.0,1,0,73,6.0,3.0,84,5.0
1,7000.0,275000.0,1040.0,1.0,0.0,1.0,3.0,1,0,65,9.0,2.0,62,4.0
1,15000.0,220000.0,1428.0,2.0,1.0,1.0,3.0,1,0,108,6.0,3.0,51,5.0
1,20000.0,320000.0,1980.0,3.0,1.0,1.0,5.0,1,0,78,7.0,2.0,74,8.0
1,0.0,178000.0,1050.0,1.0,0.0,1.0,2.0,1,0,44,8.0,4.0,35,3.0
1,0.0,245000.0,1040.0,1.0,0.0,1.0,3.0,1,0,50,4.0,1.0,47,4.0
1,0.0,185000.0,1540.0,3.0,0.0,1.0,2.0,1,0,69,8.0,4.0,40,5.0
1,12700.0,191500.0,1340.0,2.0,1.0,2.0,3.0,2,0,113,2.0,1.0,52,5.0
1,0.0,365000.0,1608.0,3.0,2.0,1.0,5.0,1,0,63,8.0,3.0,94,8.0
1,0.0,205000.0,1275.0,3.0,0.0,1.0,2.0,2,0,161,10.0,4.0,36,5.0
1,0.0,277875.0,1632.0,2.0,0.0,1.0,4.0,1,0,75,7.0,4.0,94,6.0
1,0.0,326000.0,1920.0,3.0,2.0,1.0,4.0,1,0,56,7.0,4.0,69,7.0
1,0.0,115000.0,1848.0,2.0,0.0,1.0,4.0,1,0,57,1.0,0.0,120,6.0
1,10100.0,270000.0,1296.0,1.0,2.0,1.0,4.0,2,0,66,5.0,4.0,72,5.0
1,0.0,295000.0,1290.0,1.0,1.0,1.0,3.0,2,0,50,8.0,4.0,68,4.0
1,0.0,350000.0,2850.0,3.0,0.0,1.0,3.0,2,0,78,1.0,0.0,124,6.0
1,10000.0,247000.0,1780.0,2.0,0.0,1.0,3.0,1,0,70,8.0,4.0,104,5.0
1,0.0,235000.0,2000.0,3.0,0.0,1.0,4.0,2,1,67,6.0,1.0,154,7.0
0,0.0,144815.0,1359.0,1.0,0.0,1.0,3.0,1,0,0,2.0,1.0,73,4.0
1,0.0,255000.0,1398.0,2.0,1.0,1.0,3.0,1,0,58,7.0,5.0,85,5.0
1,19000.0,283500.0,1020.0,1.0,0.0,1.0,3.0,2,0,92,7.0,3.0,71,4.0
1,0.0,158000.0,1630.5,2.0,1.0,1.0,4.0,2,0,38,6.0,2.0,149,6.0
1,0.0,293500.0,1140.0,1.0,1.0,1.0,3.0,2,0,78,10.0,6.0,52,4.0
1,15000.0,205000.0,3120.0,3.0,0.0,1.0,5.0,2,0,75,1.0,0.0,119,8.0
1,0.0,330000.0,2160.0,2.0,0.0,1.0,3.0,1,0,57,5.0,1.0,169,5.0
1,0.0,259000.0,1448.0,2.0,2.0,1.0,2.0,2,0,46,6.0,2.0,74,4.0
1,15000.0,240300.0,1102.0,1.0,1.0,1.0,2.0,2,0,75,7.0,4.0,74,3.0
1,50000.0,599000.0,4124.0,5.0,0.0,1.0,6.0,1,0,217,9.0,7.0,134,11.0
1,0.0,271000.0,1000.0,2.0,1.0,1.0,3.0,1,0,50,8.0,3.0,58,5.0
1,0.0,168000.0,1716.0,2.0,0.0,1.0,4.0,1,0,86,2.0,0.0,73,6.0
1,14900.0,220000.0,1560.0,2.0,1.0,1.0,4.0,1,0,71,8.0,5.0,93,6.0
1,0.0,347000.0,2226.0,2.0,2.0,1.0,5.0,1,0,70,6.0,2.0,118,7.0
1,0.0,519000.0,2274.0,2.0,2.0,1.0,2.0,2,0,70,11.0,7.0,23,4.0
1,0.0,300000.0,1750.0,4.0,0.0,1.0,4.0,1,0,44,9.0,4.0,61,8.0
1,0.0,221000.0,1630.5,2.0,0.0,1.0,6.0,2,0,113,2.0,0.0,103,8.0
1,0.0,200000.0,1061.0,1.0,1.0,1.0,2.0,2,0,98,8.0,3.0,21,3.0
1,0.0,152500.0,884.0,1.0,0.0,1.0,2.0,2,0,66,7.0,3.0,98,3.0
1,0.0,114580.0,1318.0,2.0,0.0,1.0,3.0,1,0,165,1.0,1.0,51,5.0
1,11000.0,185000.0,2400.0,2.0,0.0,1.0,6.0,2,0,412,1.0,1.0,133,8.0
1,14000.0,255900.0,1840.0,2.0,2.0,1.0,3.0,1,0,79,7.0,4.0,133,5.0
1,0.0,260000.0,1177.0,1.0,2.0,1.0,2.0,2,0,68,8.0,6.0,70,3.0
1,4900.0,375000.0,2061.0,3.0,1.0,1.0,4.0,1,0,109,9.0,6.0,47,7.0
1,0.0,118000.0,1560.0,2.0,0.0,1.0,5.0,2,0,170,2.0,0.0,113,7.0
1,0.0,302500.0,3646.0,3.0,0.0,1.0,6.0,2,0,43,3.0,1.0,118,9.0
1,0.0,375000.0,1920.0,3.0,1.0,1.0,4.0,2,0,56,8.0,4.0,38,7.0
1,15000.0,247200.0,2624.0,3.0,0.0,1.0,10.0,3,0,200,1.0,0.0,123,13.0
1,5000.0,271000.0,1204.0,3.0,1.0,2.0,3.0,3,0,42,5.0,2.0,30,6.0
0,0.0,533600.0,1630.5,0.0,0.0,1.0,0.0,1,0,0,0.0,0.0,51,0.0
0,0.0,666700.0,1630.5,0.0,0.0,1.0,0.0,1,0,0,0.0,0.0,51,0.0
0,0.0,378000.0,1630.5,0.0,0.0,1.0,0.0,1,0,0,0.0,0.0,51,0.0
0,0.0,307300.0,1630.5,0.0,0.0,1.0,0.0,1,0,0,0.0,0.0,51,0.0
0,0.0,200000.0,1630.5,0.0,0.0,1.0,0.0,1,0,0,0.0,0.0,51,0.0
1,0.0,115000.0,1200.0,1.0,2.0,1.0,3.0,1,0,73,6.0,2.0,65,4.0
0,0.0,565000.0,1630.5,0.0,0.0,1.0,0.0,1,0,0,0.0,0.0,51,0.0
1,0.0,107000.0,1548.0,2.0,0.0,2.0,4.0,1,0,14,0.0,0.0,103,6.0
1,0.0,255000.0,1475.0,2.0,2.0,1.0,3.0,2,0,38,5.0,1.0,31,5.0
1,10000.0,200000.0,1344.0,2.0,2.0,2.0,3.0,1,0,43,4.0,2.0,19,5.0
0,0.0,289000.0,1940.0,3.0,2.0,1.0,2.0,2,0,0,1.0,0.0,16,5.0
1,10000.0,380000.0,1949.0,3.0,2.0,2.0,4.0,1,0,111,10.0,5.0,38,7.0
0,0.0,362800.0,1630.5,0.0,0.0,1.0,0.0,1,0,0,0.0,0.0,51,0.0
1,0.0,207000.0,1609.0,2.0,1.0,1.0,3.0,1,0,40,8.0,3.0,63,5.0
0,0.0,366100.0,1630.5,0.0,0.0,1.0,0.0,1,0,0,0.0,0.0,51,0.0
1,1000.0,145000.0,794.0,1.0,0.0,1.0,2.0,2,0,115,4.0,2.0,103,3.0
1,0.0,292000.0,2004.0,3.0,2.0,2.0,4.0,1,0,79,4.0,2.0,51,7.0
0,0.0,115000.0,1630.5,0.0,0.0,1.0,0.0,1,0,0,0.0,0.0,51,0.0
0,0.0,721000.0,1630.5,0.0,0.0,1.0,0.0,1,0,0,0.0,0.0,51,0.0
1,0.0,190000.0,1040.0,1.0,1.0,1.0,3.0,1,0,0,4.0,0.0,49,4.0
0,0.0,512500.0,1630.5,0.0,0.0,1.0,0.0,1,0,0,0.0,0.0,51,0.0
1,7900.0,190000.0,1296.0,3.0,2.0,2.0,3.0,2,0,82,6.0,3.0,51,6.0
1,0.0,280000.0,1469.0,3.0,2.0,2.0,3.0,1,0,0,8.0,3.0,23,6.0
0,0.0,499300.0,1630.5,0.0,0.0,1.0,0.0,1,0,0,0.0,0.0,51,0.0
0,0.0,120000.0,1630.5,0.0,0.0,1.0,0.0,1,0,0,0.0,0.0,51,0.0
1,0.0,550000.0,2561.0,3.0,2.0,2.0,4.0,1,0,38,10.0,6.0,38,7.0
1,0.0,266000.0,1085.0,2.0,1.0,1.0,3.0,1,0,35,5.0,2.0,75,5.0
1,0.0,264900.0,1581.0,4.0,1.0,1.0,2.0,1,0,42,7.0,4.0,39,6.0
0,0.0,348900.0,1630.5,0.0,0.0,1.0,0.0,1,0,0,0.0,0.0,51,0.0
0,0.0,366600.0,1630.5,0.0,0.0,1.0,0.0,1,0,0,0.0,0.0,51,0.0
0,0.0,1312400.0,1630.5,0.0,0.0,1.0,0.0,1,0,0,0.0,0.0,51,0.0
0,0.0,212500.0,1368.0,3.0,2.0,2.0,3.0,1,0,0,0.0,0.0,25,6.0
0,0.0,371300.0,1630.5,0.0,0.0,1.0,0.0,1,0,0,0.0,0.0,51,0.0
0,0.0,350300.0,1630.5,0.0,0.0,1.0,0.0,1,0,0,0.0,0.0,51,0.0
0,0.0,310000.0,1309.0,2.0,0.0,1.0,3.0,1,0,0,0.0,0.0,30,5.0
0,0.0,494800.0,1630.5,0.0,0.0,1.0,0.0,1,0,0,0.0,0.0,51,0.0
0,0.0,358900.0,1630.5,0.0,0.0,1.0,0.0,1,0,0,0.0,0.0,51,0.0
1,0.0,215000.0,1708.0,2.0,2.0,1.0,3.0,1,0,36,8.0,2.0,41,5.0
1,0.0,261900.0,1787.0,2.0,2.0,1.0,3.0,3,0,38,8.0,2.0,10,5.0
1,0.0,718000.0,2871.0,3.0,3.0,1.0,3.0,1,0,125,9.0,4.0,1,6.0
1,0.0,169900.0,1628.0,2.0,1.0,1.0,4.0,2,0,40,4.0,1.0,61,6.0
1,14000.0,309900.0,2276.0,3.0,2.0,1.0,4.0,2,0,67,4.0,1.0,61,7.0
1,30000.0,340000.0,2754.0,3.0,3.0,1.0,3.0,1,0,70,6.0,3.0,31,6.0
1,0.0,223000.0,1763.0,1.0,0.0,1.0,3.0,3,0,63,5.0,3.0,64,4.0
1,2500.0,153000.0,1464.0,2.0,2.0,1.0,3.0,1,0,93,6.0,3.0,62,5.0
1,0.0,185000.0,1101.0,2.0,2.0,1.0,3.0,1,0,30,6.0,1.0,16,5.0
1,3000.0,188000.0,1269.0,2.0,2.0,1.0,3.0,2,0,43,4.0,0.0,56,5.0
1,18000.0,632500.0,3825.0,4.0,3.0,2.0,4.0,3,0,71,9.0,4.0,10,8.0
1,5100.0,162500.0,1518.0,3.0,2.0,2.0,2.0,2,0,91,9.0,4.0,43,5.0
1,0.0,362000.0,2535.0,3.0,3.0,1.0,4.0,1,0,63,9.0,3.0,29,7.0
1,5000.0,210000.0,2156.0,2.0,2.0,2.0,4.0,1,0,86,8.0,1.0,59,6.0
1,0.0,510000.0,2985.0,4.0,2.0,1.0,4.0,1,0,30,9.0,5.0,32,8.0
1,0.0,442015.0,2555.0,4.0,3.0,2.0,4.0,1,0,72,5.0,2.0,1,8.0
1,0.0,230000.0,1645.0,2.0,2.0,1.0,3.0,1,0,52,8.0,2.0,45,5.0
1,6000.0,165000.0,952.0,2.0,1.0,1.0,2.0,1,0,85,2.0,0.0,19,4.0
1,0.0,320000.0,2008.0,2.0,3.0,1.0,3.0,1,0,38,7.0,3.0,7,5.0
1,0.0,327500.0,2018.0,2.0,2.0,2.0,4.0,1,0,41,8.0,4.0,96,6.0
1,5000.0,220000.0,1318.0,2.0,2.0,1.0,3.0,2,0,43,5.0,1.0,40,5.0
1,4000.0,810000.0,3001.0,3.0,4.0,2.0,3.0,1,0,109,8.0,4.0,11,6.0
1,0.0,1299000.0,4398.0,5.0,4.0,1.0,4.0,1,0,15,6.0,3.0,16,9.0
1,0.0,106000.0,858.0,1.0,1.0,1.0,3.0,1,0,69,3.0,2.0,68,4.0
1,1900.0,238000.0,1921.0,3.0,2.0,2.0,3.0,2,0,147,7.0,2.0,48,6.0
1,0.0,209000.0,1392.0,2.0,2.0,1.0,3.0,2,0,46,8.0,3.0,23,5.0
1,0.0,434500.0,2147.0,3.0,3.0,1.0,3.0,1,0,196,6.0,3.0,1,6.0
1,0.0,177500.0,919.0,1.0,1.0,1.0,2.0,1,0,39,5.0,0.0,74,3.0
1,0.0,410000.0,2165.0,2.0,2.0,1.0,4.0,1,0,35,7.0,3.0,8,6.0
1,0.0,298800.0,1946.0,2.0,3.0,1.0,3.0,2,0,42,8.0,4.0,13,5.0
1,0.0,102000.0,1630.5,0.0,0.0,1.0,0.0,1,0,95,0.0,0.0,52,0.0
1,0.0,272500.0,2167.0,2.0,3.0,1.0,3.0,1,0,81,8.0,4.0,21,5.0
1,0.0,147500.0,1630.5,0.0,0.0,1.0,0.0,1,0,31,0.0,0.0,52,0.0
1,16000.0,267500.0,1729.0,2.0,2.0,1.0,3.0,3,0,77,7.0,3.0,8,5.0
1,5000.0,200000.0,1629.0,3.0,2.0,1.0,3.0,2,0,318,3.0,0.0,56,6.0
1,0.0,163000.0,924.0,1.0,1.0,1.0,2.0,1,0,53,3.0,0.0,72,3.0
1,0.0,172500.0,916.0,1.0,1.0,1.0,2.0,1,0,64,6.0,2.0,76,3.0
1,0.0,380000.0,2075.0,3.0,3.0,1.0,4.0,2,0,65,6.0,3.0,1,7.0
1,0.0,147000.0,1016.0,1.0,2.0,1.0,3.0,2,0,15,8.0,2.0,63,4.0
1,0.0,339000.0,2427.0,2.0,3.0,1.0,3.0,1,0,114,7.0,3.0,22,5.0
1,0.0,360000.0,3535.0,4.0,2.0,2.0,3.0,3,0,41,9.0,3.0,47,7.0
1,0.0,165000.0,1216.0,2.0,0.0,1.0,3.0,2,0,178,4.0,1.0,27,5.0
1,2000.0,130000.0,937.0,1.0,1.0,1.0,3.0,1,0,70,3.0,0.0,56,4.0
1,7500.0,255000.0,1987.0,2.0,2.0,1.0,4.0,2,0,168,9.0,3.0,33,6.0
1,0.0,1222000.0,4145.0,4.0,2.0,1.0,3.0,1,0,36,7.0,4.0,15,7.0
1,0.0,95000.0,929.0,1.0,0.0,1.0,3.0,1,0,30,2.0,0.0,64,4.0
1,0.0,276000.0,1648.0,2.0,0.0,1.0,3.0,1,0,42,3.0,1.0,48,5.0
1,10000.0,355000.0,1640.0,2.0,0.0,1.0,4.0,1,0,105,10.0,2.0,77,6.0
1,6900.0,371000.0,1472.0,2.0,2.0,1.0,3.0,1,0,71,6.0,3.0,64,5.0
1,0.0,185000.0,1650.0,2.0,0.0,1.0,3.0,1,0,35,6.0,1.0,46,5.0
1,0.0,760000.0,3572.0,4.0,11.0,1.0,8.0,1,0,38,5.0,2.0,48,12.0
1,19100.0,359900.0,1719.0,1.0,1.0,2.0,3.0,3,0,147,9.0,5.0,84,4.0
1,0.0,494000.0,1935.0,3.0,1.0,2.0,4.0,2,0,41,12.0,7.0,114,7.0
1,25001.0,645000.0,2334.0,3.0,3.0,1.0,4.0,1,0,91,5.0,2.0,5,7.0
1,37100.0,422500.0,2160.0,4.0,11.0,1.0,4.0,1,0,70,2.0,1.0,45,8.0
1,0.0,420000.0,1255.0,2.0,2.0,1.0,3.0,1,0,45,5.0,2.0,45,5.0
1,15000.0,495000.0,1884.0,2.0,2.0,1.0,4.0,1,0,195,4.0,1.0,8,6.0
1,0.0,370000.0,1040.0,1.0,2.0,1.0,3.0,1,0,124,6.0,0.0,47,4.0
1,0.0,333900.0,1289.0,2.0,1.0,1.0,3.0,2,0,39,5.0,3.0,44,5.0
1,0.0,515000.0,2197.0,3.0,2.0,1.0,4.0,1,0,40,6.0,2.0,27,7.0
1,1000.0,347000.0,1276.0,2.0,2.0,1.0,3.0,3,0,111,5.0,2.0,20,5.0
1,10100.0,449000.0,1992.0,3.0,2.0,2.0,4.0,1,0,87,7.0,3.0,22,7.0
1,34000.0,335000.0,2198.0,2.0,0.0,1.0,3.0,1,0,64,4.0,2.0,99,5.0
1,100000.0,429000.0,1793.0,2.0,2.0,1.0,4.0,2,0,93,3.0,2.0,72,6.0
1,0.0,366000.0,1208.0,2.0,2.0,1.0,3.0,1,0,72,4.0,1.0,23,5.0
1,21000.0,330000.0,1792.0,1.0,1.0,1.0,2.0,1,0,64,4.0,2.0,76,3.0
1,0.0,312000.0,901.0,1.0,1.0,1.0,2.0,1,0,36,3.0,0.0,73,3.0
1,0.0,430000.0,2296.0,3.0,3.0,1.0,3.0,1,0,59,8.0,5.0,45,6.0
1,0.0,99275.0,1630.5,0.0,0.0,1.0,0.0,1,0,33,3.0,1.0,52,0.0
1,0.0,575000.0,2160.0,3.0,0.0,1.0,7.0,1,0,36,3.0,1.0,55,10.0
1,10000.0,498500.0,2256.0,2.0,2.0,1.0,3.0,2,0,188,10.0,5.0,43,5.0
0,0.0,465000.0,2376.0,2.0,2.0,2.0,3.0,2,0,0,0.0,0.0,60,5.0
1,10000.0,105000.0,1188.0,2.0,0.0,1.0,2.0,1,0,138,2.0,0.0,26,4.0
1,10000.0,350500.0,1634.0,1.0,1.0,1.0,2.0,1,0,63,9.0,3.0,101,3.0
1,25000.0,820000.0,1630.5,6.0,0.0,2.0,6.0,2,0,155,1.0,0.0,62,12.0
1,0.0,375000.0,1464.0,2.0,2.0,1.0,3.0,1,0,26,5.0,2.0,66,5.0
1,0.0,410500.0,1311.0,2.0,2.0,1.0,3.0,3,0,54,6.0,2.0,33,5.0
1,0.0,120000.0,1630.5,0.0,0.0,1.0,0.0,1,0,56,1.0,0.0,52,0.0
1,15000.0,490000.0,1999.0,2.0,2.0,1.0,3.0,2,0,116,8.0,4.0,44,5.0
1,15005.0,487000.0,2300.0,3.0,2.0,2.0,3.0,1,0,207,6.0,3.0,17,6.0
1,0.0,395000.0,1360.0,2.0,2.0,1.0,3.0,1,0,48,7.0,3.0,68,5.0
1,0.0,374000.0,1424.0,2.0,1.0,1.0,3.0,2,0,60,7.0,3.0,93,5.0
1,25000.0,750000.0,1630.5,3.0,3.0,2.0,4.0,1,0,113,2.0,0.0,22,7.0
1,0.0,529900.0,1891.0,3.0,2.0,1.0,3.0,2,0,76,3.0,1.0,82,6.0
1,0.0,425000.0,2055.0,2.0,2.0,1.0,4.0,1,0,52,8.0,4.0,62,6.0
1,30000.0,369900.0,1352.0,2.0,2.0,1.0,3.0,1,0,65,6.0,2.0,46,5.0
1,0.0,214400.0,1120.0,1.0,1.0,1.0,3.0,1,0,51,2.0,1.0,75,4.0
1,0.0,400000.0,1204.0,2.0,2.0,1.0,3.0,2,0,37,6.0,3.0,9,5.0
1,15000.0,380000.0,1218.0,1.0,2.0,2.0,2.0,1,0,80,4.0,3.0,77,3.0
1,9900.0,382000.0,1198.0,2.0,2.0,1.0,3.0,1,0,86,5.0,1.0,46,5.0
1,0.0,592790.0,1582.0,2.0,2.0,1.0,3.0,2,0,27,7.0,3.0,63,5.0
1,0.0,345000.0,1539.0,2.0,2.0,1.0,3.0,1,0,50,8.0,5.0,23,5.0
1,0.0,196000.0,2429.0,0.0,3.0,1.0,3.0,1,0,54,2.0,0.0,124,3.0
1,0.0,205000.0,1120.0,2.0,0.0,1.0,3.0,1,0,27,6.0,3.0,53,5.0
1,0.0,295000.0,2400.0,3.0,1.0,2.0,3.0,1,1,80,5.0,3.0,11,6.0
1,0.0,106000.0,1478.0,0.0,0.0,1.0,3.0,1,0,58,2.0,2.0,124,3.0
1,0.0,10000.0,1608.0,6.0,0.0,3.0,5.0,1,1,63,0.0,0.0,124,11.0
1,2000.0,71500.0,1528.0,1.0,0.0,3.0,4.0,4,1,45,3.0,0.0,124,5.0
1,2100.0,100000.0,728.0,1.0,0.0,1.0,2.0,1,0,77,4.0,2.0,84,3.0
1,0.0,208000.0,1092.0,1.0,0.0,2.0,3.0,1,0,28,5.0,2.0,67,4.0
1,0.0,28000.0,1630.5,0.0,0.0,1.0,0.0,1,0,58,0.0,0.0,52,0.0
1,0.0,346000.0,1848.0,3.0,2.0,2.0,3.0,1,1,34,4.0,2.0,5,6.0
1,5100.0,219900.0,2966.0,2.0,0.0,2.0,4.0,1,0,161,3.0,3.0,149,6.0
1,0.0,195000.0,1502.0,1.0,0.0,2.0,4.0,1,0,60,3.0,1.0,86,5.0
1,0.0,270000.0,1486.0,2.0,0.0,1.0,3.0,2,0,30,3.0,0.0,59,5.0
1,13000.0,180000.0,1452.0,3.0,0.0,2.0,3.0,1,0,47,5.0,4.0,19,6.0
1,14100.0,232000.0,1742.0,2.0,1.0,2.0,3.0,1,0,96,5.0,3.0,101,5.0
1,0.0,58000.0,1080.0,1.0,0.0,2.0,2.0,1,1,12,0.0,0.0,96,3.0
1,0.0,275000.0,1300.0,3.0,1.0,1.0,3.0,1,0,147,1.0,0.0,38,6.0
1,0.0,242000.0,1548.0,2.0,1.0,1.0,2.0,3,0,62,6.0,4.0,19,4.0
1,0.0,241500.0,1600.0,3.0,1.0,2.0,3.0,1,1,40,5.0,0.0,30,6.0
1,0.0,350000.0,1884.0,3.0,2.0,2.0,3.0,1,0,53,3.0,1.0,21,6.0
1,0.0,274500.0,2136.0,0.0,0.0,1.0,3.0,1,0,34,2.0,0.0,120,3.0
1,0.0,107000.0,1222.0,1.0,1.0,2.0,3.0,1,1,21,3.0,0.0,71,4.0
1,15000.0,237000.0,2052.0,2.0,0.0,1.0,3.0,1,0,50,3.0,0.0,66,5.0
1,22501.0,305000.0,2324.0,2.0,0.0,3.0,4.0,1,0,90,8.0,3.0,104,6.0
1,10000.0,229000.0,1631.0,2.0,2.0,1.0,2.0,1,0,102,4.0,2.0,25,4.0
1,0.0,225000.0,3137.0,0.0,0.0,1.0,4.0,1,0,132,1.0,0.0,97,4.0
1,0.0,200000.0,1442.0,0.0,0.0,1.0,4.0,1,0,113,1.0,0.0,111,4.0
1,0.0,30000.0,2324.0,0.0,1.0,1.0,3.0,1,0,113,2.0,0.0,124,3.0
1,0.0,427900.0,1962.0,3.0,2.0,2.0,3.0,1,0,33,6.0,3.0,15,6.0
1,0.0,200000.0,1330.0,0.0,0.0,1.0,4.0,1,0,113,1.0,0.0,111,4.0
1,0.0,225000.0,1980.0,0.0,0.0,1.0,4.0,1,0,113,2.0,1.0,124,4.0
1,7000.0,225000.0,1299.0,1.0,0.0,1.0,2.0,3,0,107,2.0,1.0,73,3.0
1,45100.0,283000.0,2215.0,2.0,0.0,1.0,3.0,1,0,138,6.0,4.0,69,5.0
1,0.0,266900.0,1637.0,2.0,0.0,1.0,3.0,1,0,54,9.0,5.0,76,5.0
1,0.0,497900.0,1518.0,3.0,2.0,2.0,3.0,1,0,67,6.0,3.0,1,6.0
1,10000.0,260000.0,1476.0,3.0,2.0,3.0,2.0,1,0,78,6.0,3.0,36,5.0
1,0.0,229995.0,1488.0,3.0,2.0,2.0,3.0,1,0,68,3.0,0.0,35,6.0
1,0.0,703125.0,4733.0,4.0,2.0,4.0,4.0,1,0,76,8.0,4.0,34,8.0
1,0.0,465000.0,2341.0,3.0,2.0,2.0,3.0,1,0,63,5.0,3.0,28,6.0
1,0.0,230000.0,2601.0,3.0,0.0,3.0,3.0,3,1,37,3.0,1.0,123,6.0
1,0.0,122500.0,1440.0,1.0,0.0,2.0,3.0,1,1,62,4.0,2.0,100,4.0
1,26000.0,475000.0,2492.0,4.0,2.0,2.0,4.0,1,0,72,4.0,1.0,27,8.0
1,0.0,125000.0,1876.0,2.0,0.0,3.0,4.0,1,1,63,1.0,0.0,116,6.0
1,0.0,210000.0,1610.0,2.0,0.0,1.0,3.0,1,0,37,3.0,0.0,64,5.0
1,0.0,385000.0,2224.0,3.0,2.0,2.0,4.0,1,0,51,7.0,5.0,36,7.0
1,0.0,128500.0,1630.5,0.0,0.0,1.0,0.0,1,0,69,0.0,0.0,52,0.0
1,0.0,370000.0,2156.0,2.0,1.0,1.0,3.0,2,0,48,1.0,0.0,51,5.0
1,0.0,475000.0,2508.0,3.0,4.0,2.0,6.0,1,0,54,2.0,1.0,99,9.0
1,0.0,475000.0,1992.0,4.0,0.0,2.0,4.0,2,0,57,3.0,0.0,49,8.0
1,0.0,2800000.0,6225.0,7.0,2.0,3.0,5.0,1,0,73,4.0,3.0,92,12.0
1,0.0,570000.0,3150.0,3.0,0.0,3.0,6.0,2,0,78,0.0,0.0,104,9.0
1,15000.0,325000.0,1445.0,2.0,1.0,2.0,2.0,1,0,77,3.0,1.0,40,4.0
1,0.0,541000.0,3867.0,3.0,2.0,2.0,5.0,1,0,59,0.0,0.0,97,8.0
1,0.0,315000.0,933.0,1.0,0.0,2.0,3.0,2,0,36,1.0,0.0,94,4.0
1,0.0,395000.0,1517.0,2.0,2.0,2.0,3.0,2,0,37,2.0,0.0,64,5.0
1,0.0,324000.0,1232.0,2.0,0.0,2.0,3.0,1,0,70,2.0,0.0,23,5.0
1,0.0,550000.0,3116.0,3.0,0.0,3.0,7.0,2,0,89,1.0,0.0,104,10.0
0,0.0,960000.0,4278.0,4.0,0.0,1.0,9.0,1,0,0,0.0,0.0,94,13.0
1,0.0,120000.0,1630.5,0.0,0.0,1.0,0.0,2,0,56,0.0,0.0,52,0.0
1,15000.0,534000.0,2634.0,3.0,0.0,3.0,7.0,2,0,91,2.0,0.0,104,10.0
1,0.0,440000.0,2400.0,2.0,0.0,2.0,6.0,2,0,117,2.0,1.0,84,8.0
1,151000.0,2500000.0,3303.0,5.0,2.0,2.0,3.0,1,0,293,3.0,2.0,50,8.0
1,0.0,330000.0,1666.0,2.0,2.0,1.0,3.0,2,0,83,5.0,3.0,170,5.0
1,0.0,1410000.0,3212.0,4.0,2.0,3.0,5.0,1,0,74,4.0,3.0,96,9.0
1,0.0,1325000.0,4952.0,2.0,2.0,1.0,2.0,1,0,55,7.0,3.0,41,4.0
1,0.0,240000.0,727.0,2.0,0.0,1.0,1.0,2,0,31,1.0,0.0,168,3.0
1,0.0,412000.0,2264.0,2.0,2.0,2.0,3.0,2,0,49,3.0,1.0,77,5.0
1,0.0,2800000.0,6551.0,5.0,2.0,3.0,6.0,1,0,100,1.0,1.0,95,11.0
1,0.0,410000.0,2546.0,3.0,0.0,1.0,5.0,2,0,50,1.0,0.0,104,8.0
1,10000.0,485000.0,1986.0,2.0,2.0,1.0,4.0,2,0,134,2.0,0.0,144,6.0
1,0.0,235001.0,1560.0,2.0,1.0,2.0,3.0,1,0,266,3.0,0.0,101,5.0
1,50000.0,475000.0,2005.0,3.0,2.0,1.0,5.0,2,0,71,0.0,0.0,144,8.0
1,0.0,580000.0,2646.0,3.0,0.0,3.0,6.0,3,0,2,3.0,1.0,17,9.0
1,0.0,265000.0,2144.0,2.0,0.0,1.0,3.0,1,0,57,2.0,1.0,71,5.0
1,0.0,430000.0,1944.0,2.0,0.0,2.0,4.0,3,0,84,3.0,0.0,94,6.0
1,0.0,260000.0,416.0,1.0,0.0,3.0,1.0,1,0,53,1.0,0.0,196,2.0
1,0.0,739900.0,3016.0,3.0,0.0,3.0,8.0,2,0,248,2.0,0.0,119,11.0
1,0.0,305000.0,1121.0,1.0,0.0,2.0,4.0,1,0,113,0.0,0.0,185,5.0
1,0.0,315000.0,1440.0,1.0,0.0,2.0,3.0,3,0,57,1.0,0.0,94,4.0
1,0.0,320000.0,2062.0,2.0,2.0,2.0,6.0,2,0,47,1.0,0.0,104,8.0
1,0.0,599000.0,2450.0,2.0,2.0,2.0,4.0,1,0,75,5.0,2.0,74,6.0
1,0.0,340000.0,2439.0,2.0,0.0,2.0,3.0,1,0,74,4.0,1.0,94,5.0
1,0.0,450000.0,3456.0,4.0,0.0,2.0,4.0,1,0,55,4.0,1.0,36,8.0
1,0.0,431000.0,1574.0,2.0,1.0,1.0,3.0,2,0,97,2.0,1.0,104,5.0
1,0.0,280000.0,2101.0,2.0,5.0,2.0,3.0,2,0,13,0.0,0.0,94,5.0
1,0.0,300000.0,1272.0,1.0,1.0,2.0,3.0,2,0,29,1.0,0.0,94,4.0
1,5100.0,590000.0,3201.0,3.0,2.0,3.0,6.0,1,0,99,0.0,0.0,104,9.0
1,0.0,345000.0,1542.0,2.0,1.0,2.0,4.0,2,0,60,2.0,0.0,94,6.0
1,0.0,425000.0,1836.0,2.0,1.0,2.0,4.0,1,0,103,1.0,0.0,94,6.0
1,0.0,371000.0,1630.5,2.0,0.0,1.0,4.0,2,0,172,1.0,0.0,134,6.0
1,0.0,220000.0,800.0,1.0,0.0,1.0,2.0,2,0,27,3.0,0.0,129,3.0
1,0.0,99100.0,964.0,1.0,1.0,1.0,2.0,2,0,44,5.0,2.0,70,3.0
1,2000.0,252000.0,1630.5,3.0,1.0,2.0,3.0,1,0,55,6.0,2.0,2,6.0
1,10000.0,150000.0,1149.0,1.0,0.0,1.0,3.0,2,0,46,4.0,1.0,93,4.0
1,0.0,54167.0,1630.5,0.0,0.0,1.0,0.0,2,0,63,0.0,0.0,51,0.0
1,0.0,144000.0,1070.0,1.0,0.0,1.0,2.0,3,0,44,8.0,5.0,83,3.0
0,0.0,260000.0,1504.0,3.0,0.0,2.0,3.0,2,0,0,7.0,4.0,16,6.0
1,10000.0,85000.0,1630.5,2.0,0.0,1.0,2.0,1,0,27,5.0,2.0,30,4.0
1,0.0,295000.0,2370.0,3.0,2.0,1.0,4.0,1,0,38,6.0,2.0,49,7.0
1,0.0,220000.0,1630.5,1.0,0.0,1.0,3.0,2,0,95,5.0,2.0,51,4.0
0,0.0,331000.0,2244.0,0.0,2.0,2.0,4.0,2,0,0,9.0,6.0,31,4.0
1,0.0,53591.0,1630.5,0.0,0.0,1.0,0.0,2,0,127,1.0,0.0,51,0.0
1,0.0,86500.0,1053.0,1.0,0.0,1.0,3.0,1,0,18,6.0,2.0,54,4.0
0,0.0,227500.0,1342.0,2.0,1.0,1.0,2.0,2,0,0,5.0,2.0,2,4.0
1,5000.0,227000.0,1612.0,2.0,2.0,2.0,4.0,1,0,65,8.0,2.0,29,6.0
0,0.0,270000.0,1670.0,2.0,2.0,1.0,4.0,2,0,0,6.0,3.0,22,6.0
1,0.0,57054.0,1630.5,0.0,0.0,1.0,0.0,2,0,0,0.0,0.0,51,0.0
1,0.0,305000.0,1748.0,3.0,0.0,1.0,3.0,2,0,0,5.0,2.0,2,6.0
1,0.0,51860.0,1630.5,0.0,0.0,1.0,0.0,2,1,0,0.0,0.0,51,0.0
0,0.0,380000.0,2150.0,3.0,2.0,2.0,4.0,3,0,0,8.0,5.0,69,7.0
1,0.0,180000.0,1066.0,2.0,0.0,1.0,3.0,1,0,0,6.0,2.0,23,5.0
1,0.0,345000.0,2233.0,2.0,0.0,1.0,3.0,1,0,0,3.0,1.0,17,5.0
1,0.0,53325.0,1630.5,0.0,0.0,1.0,0.0,2,0,0,0.0,0.0,51,0.0
1,0.0,58075.0,1630.5,0.0,0.0,1.0,0.0,2,0,0,0.0,0.0,51,0.0
1,0.0,64975.0,1630.5,0.0,0.0,1.0,0.0,2,0,0,0.0,0.0,51,0.0
1,0.0,305000.0,2023.0,2.0,0.0,1.0,3.0,1,0,0,10.0,6.0,64,5.0
1,0.0,335000.0,3098.0,3.0,2.0,1.0,6.0,1,0,67,9.0,5.0,17,9.0
1,0.0,450000.0,2638.0,4.0,2.0,1.0,4.0,1,0,0,7.0,3.0,24,8.0
1,0.0,263626.0,1878.0,2.0,2.0,1.0,3.0,2,0,0,4.0,2.0,3,5.0
0,0.0,185000.0,1444.0,3.0,0.0,2.0,4.0,2,0,0,7.0,4.0,32,7.0
1,0.0,240000.0,1369.0,3.0,0.0,1.0,3.0,2,0,0,7.0,4.0,30,6.0
1,0.0,255000.0,1050.0,2.0,0.0,1.0,3.0,1,0,37,8.0,5.0,63,5.0
1,0.0,165000.0,556.0,1.0,0.0,1.0,1.0,3,0,0,8.0,5.0,93,2.0
1,0.0,265000.0,1584.0,2.0,0.0,1.0,3.0,2,0,0,7.0,5.0,62,5.0
1,10000.0,520000.0,2731.0,2.0,2.0,1.0,3.0,1,0,83,12.0,5.0,18,5.0
1,0.0,294000.0,1280.0,3.0,0.0,1.0,2.0,1,0,44,8.0,3.0,2,5.0
1,2600.0,360000.0,2034.0,2.0,0.0,2.0,4.0,1,0,81,9.0,5.0,56,6.0
1,20900.0,400000.0,2066.0,2.0,0.0,1.0,3.0,2,0,0,8.0,4.0,20,5.0
1,0.0,1075000.0,5016.0,4.0,0.0,2.0,0.0,1,0,0,4.0,2.0,59,4.0
0,0.0,534900.0,1630.5,0.0,0.0,1.0,0.0,1,0,0,0.0,0.0,51,0.0
0,0.0,1041750.0,4012.0,4.0,0.0,2.0,4.0,1,0,0,0.0,0.0,33,8.0
0,0.0,430000.0,1343.0,2.0,0.0,1.0,2.0,1,0,0,0.0,0.0,37,4.0
0,0.0,500000.0,744.0,1.0,0.0,1.0,2.0,1,0,0,0.0,0.0,77,3.0
0,0.0,475000.0,1633.0,2.0,0.0,1.0,3.0,1,0,0,0.0,0.0,40,5.0
0,0.0,1550000.0,2499.0,2.0,0.0,1.0,3.0,1,0,0,0.0,0.0,73,5.0
0,0.0,465000.0,1436.0,2.0,0.0,1.0,2.0,1,0,0,0.0,0.0,38,4.0
0,0.0,170000.0,1630.5,0.0,0.0,1.0,0.0,1,0,0,0.0,0.0,51,0.0
0,0.0,1458250.0,4428.0,3.0,0.0,1.0,4.0,1,0,0,0.0,0.0,50,7.0
0,0.0,3850000.0,5519.0,5.0,0.0,1.0,5.0,1,0,0,0.0,0.0,6,10.0
0,0.0,850000.0,2080.0,2.0,0.0,2.0,4.0,1,0,0,0.0,0.0,32,6.0
1,25000.0,335000.0,1568.0,3.0,0.0,2.0,3.0,1,0,73,7.0,3.0,4,6.0
1,0.0,295000.0,1481.0,2.0,0.0,1.0,4.0,1,0,40,5.0,2.0,72,6.0
1,9000.0,320000.0,1379.0,2.0,1.0,2.0,2.0,1,0,168,12.0,5.0,52,4.0
1,0.0,245000.0,1002.0,2.0,0.0,1.0,3.0,2,0,32,7.0,1.0,23,5.0
1,0.0,315000.0,1788.0,4.0,0.0,3.0,3.0,3,1,27,10.0,5.0,29,7.0
1,0.0,279000.0,1056.0,2.0,0.0,1.0,3.0,3,0,32,5.0,3.0,44,5.0
1,0.0,441000.0,1225.0,1.0,0.0,1.0,2.0,1,0,36,8.0,4.0,73,3.0
1,0.0,315000.0,1236.0,2.0,0.0,2.0,3.0,1,0,49,6.0,3.0,100,5.0
1,0.0,240000.0,1341.0,2.0,1.0,1.0,3.0,1,0,155,8.0,2.0,68,5.0
1,0.0,155000.0,1630.5,0.0,0.0,1.0,0.0,1,0,82,1.0,0.0,52,0.0
1,10000.0,306000.0,1332.0,2.0,0.0,1.0,3.0,1,0,78,3.0,0.0,80,5.0
1,30000.0,515000.0,3616.0,3.0,2.0,2.0,4.0,1,0,100,8.0,6.0,20,7.0
1,0.0,102000.0,1343.0,2.0,0.0,2.0,3.0,1,0,61,7.0,3.0,104,5.0
1,0.0,288000.0,1292.0,2.0,0.0,1.0,3.0,1,0,57,1.0,0.0,102,5.0
1,0.0,159000.0,1630.5,0.0,0.0,1.0,0.0,1,0,30,0.0,0.0,52,0.0
1,0.0,524950.0,2000.0,3.0,0.0,2.0,3.0,1,0,31,7.0,3.0,114,6.0
1,14050.0,545900.0,2640.0,3.0,2.0,2.0,4.0,1,1,147,9.0,6.0,11,7.0
1,0.0,120000.0,864.0,1.0,0.0,1.0,3.0,1,0,45,5.0,3.0,70,4.0
1,0.0,389500.0,1431.0,2.0,0.0,1.0,4.0,1,0,29,3.0,1.0,74,6.0
1,0.0,160000.0,1288.0,1.0,0.0,1.0,3.0,1,0,14,2.0,1.0,60,4.0
1,0.0,292500.0,1503.0,2.0,0.0,1.0,3.0,1,0,28,6.0,3.0,66,5.0
1,0.0,485000.0,2135.0,3.0,2.0,2.0,3.0,1,1,86,10.0,6.0,11,6.0
1,0.0,705000.0,1775.0,2.0,0.0,2.0,3.0,1,0,38,4.0,3.0,84,5.0
1,0.0,332000.0,1788.0,2.0,0.0,2.0,4.0,2,0,55,6.0,3.0,38,6.0
1,0.0,371500.0,1477.0,2.0,1.0,1.0,3.0,2,0,29,5.0,2.0,65,5.0
1,20000.0,555000.0,2004.0,3.0,0.0,2.0,4.0,1,0,113,10.0,8.0,66,7.0
1,0.0,1410000.0,3359.0,5.0,0.0,2.0,4.0,1,0,42,8.0,4.0,84,9.0
1,0.0,375000.0,1448.0,2.0,0.0,1.0,4.0,2,0,36,10.0,6.0,61,6.0
1,19600.0,239900.0,1292.0,1.0,1.0,1.0,3.0,1,0,54,5.0,2.0,70,4.0
1,0.0,299000.0,1560.0,1.0,0.0,2.0,3.0,2,0,48,7.0,2.0,124,4.0
1,0.0,330000.0,1378.0,2.0,0.0,1.0,3.0,1,0,77,9.0,5.0,55,5.0
1,0.0,759000.0,2885.0,5.0,0.0,2.0,4.0,2,0,64,8.0,4.0,99,9.0
1,0.0,505000.0,2313.0,2.0,0.0,2.0,3.0,1,1,27,9.0,5.0,105,5.0
1,19950.0,575000.0,2470.0,4.0,1.0,2.0,3.0,1,0,113,8.0,5.0,84,7.0
1,0.0,450000.0,1536.0,2.0,0.0,2.0,3.0,2,0,42,7.0,4.0,74,5.0
1,10000.0,340000.0,2056.0,3.0,1.0,2.0,6.0,3,0,125,7.0,2.0,15,9.0
1,0.0,475000.0,1884.0,3.0,1.0,2.0,4.0,3,0,35,11.0,5.0,35,7.0
1,0.0,730000.0,2535.0,3.0,2.0,2.0,3.0,2,0,78,8.0,6.0,124,6.0
1,0.0,340000.0,1728.0,3.0,1.0,2.0,4.0,1,0,58,12.0,6.0,18,7.0
1,0.0,376500.0,2416.0,3.0,0.0,2.0,4.0,1,0,23,8.0,5.0,59,7.0
1,0.0,387900.0,2416.0,3.0,0.0,2.0,4.0,1,0,15,9.0,5.0,37,7.0
1,0.0,699000.0,2379.0,3.0,1.0,3.0,3.0,2,0,105,10.0,6.0,114,6.0
1,0.0,239000.0,783.0,1.0,0.0,1.0,2.0,1,0,35,5.0,2.0,79,3.0
1,0.0,298897.0,1299.0,1.0,0.0,1.0,2.0,1,0,40,8.0,5.0,104,3.0
1,5100.0,295000.0,958.0,1.0,1.0,1.0,1.0,1,0,75,9.0,7.0,104,2.0
1,30100.0,525000.0,2016.0,4.0,0.0,2.0,4.0,2,0,40,7.0,5.0,76,8.0
1,0.0,709900.0,2162.0,2.0,2.0,1.0,3.0,3,0,85,11.0,9.0,24,5.0
1,0.0,575000.0,2448.0,3.0,2.0,2.0,4.0,1,0,40,4.0,3.0,7,7.0
1,0.0,667500.0,3040.0,3.0,6.0,2.0,3.0,3,0,106,11.0,9.0,32,6.0
1,10000.0,539900.0,3022.0,3.0,2.0,2.0,4.0,2,0,189,11.0,8.0,15,7.0
1,5000.0,515000.0,1658.0,2.0,2.0,1.0,3.0,1,0,42,8.0,6.0,31,5.0
1,6000.0,417500.0,1190.0,2.0,2.0,1.0,3.0,1,0,77,8.0,7.0,39,5.0
1,400.0,485000.0,1840.0,2.0,2.0,1.0,3.0,1,0,161,9.0,6.0,5,5.0
1,0.0,460000.0,1352.0,2.0,2.0,1.0,3.0,2,0,42,9.0,6.0,38,5.0
1,0.0,115000.0,1759.0,2.0,0.0,1.0,3.0,1,0,36,5.0,2.0,34,5.0
1,10345.0,365000.0,1440.0,2.0,2.0,1.0,2.0,1,0,72,7.0,5.0,38,4.0
1,20000.0,550000.0,2304.0,0.0,0.0,1.0,0.0,1,0,202,3.0,1.0,62,0.0
1,21000.0,439000.0,1674.0,3.0,1.0,2.0,2.0,1,0,124,6.0,4.0,18,5.0
1,0.0,789900.0,2700.0,3.0,3.0,2.0,3.0,3,0,79,11.0,9.0,29,6.0
1,0.0,619000.0,2506.0,3.0,3.0,2.0,3.0,1,0,119,9.0,7.0,46,6.0
1,0.0,430000.0,1356.0,3.0,1.0,2.0,3.0,1,0,81,8.0,6.0,21,6.0
1,0.0,440000.0,1208.0,1.0,0.0,2.0,2.0,1,0,41,7.0,6.0,86,3.0
1,0.0,600000.0,720.0,1.0,0.0,1.0,1.0,1,0,62,5.0,5.0,84,2.0
1,0.0,550000.0,2387.0,3.0,2.0,2.0,4.0,1,0,31,11.0,8.0,13,7.0
1,0.0,495000.0,1425.0,2.0,2.0,1.0,3.0,1,0,16,7.0,6.0,68,5.0
1,0.0,540000.0,1564.0,2.0,2.0,1.0,3.0,1,0,22,5.0,5.0,8,5.0
1,25000.0,1050000.0,3195.0,4.0,3.0,2.0,4.0,1,0,158,13.0,10.0,5,8.0
1,0.0,615000.0,1656.0,3.0,5.0,1.0,3.0,3,0,35,7.0,7.0,51,6.0
1,0.0,490000.0,2238.0,2.0,2.0,1.0,2.0,1,0,157,6.0,4.0,67,4.0
1,0.0,85000.0,840.0,1.0,0.0,1.0,2.0,2,0,74,4.0,2.0,45,3.0
1,9900.0,470000.0,2132.0,3.0,2.0,2.0,3.0,1,0,91,10.0,6.0,56,6.0
1,19950.0,93950.0,120.0,0.0,0.0,1.0,0.0,1,0,82,6.0,4.0,44,0.0
1,0.0,260000.0,1165.0,1.0,1.0,2.0,3.0,1,0,134,6.0,4.0,103,4.0
1,15000.0,570000.0,2317.0,2.0,2.0,2.0,4.0,1,0,68,3.0,0.0,50,6.0
1,0.0,689999.0,2002.0,3.0,4.0,3.0,4.0,2,0,71,10.0,7.0,46,7.0
1,10009.0,485000.0,2106.0,3.0,2.0,2.0,4.0,1,0,154,10.0,5.0,25,7.0
1,0.0,415000.0,2620.0,3.0,2.0,3.0,5.0,3,0,28,8.0,6.0,61,8.0
1,0.0,450000.0,1579.0,2.0,3.0,2.0,4.0,1,0,50,10.0,7.0,49,6.0
1,0.0,519450.0,1876.0,2.0,3.0,1.0,3.0,1,0,85,5.0,4.0,50,5.0
1,15000.0,364900.0,1158.0,1.0,0.0,1.0,2.0,3,0,149,7.0,6.0,44,3.0
1,5000.0,470000.0,1618.0,2.0,2.0,1.0,3.0,3,0,105,7.0,6.0,31,5.0
1,0.0,375000.0,1072.0,2.0,0.0,1.0,3.0,1,0,62,6.0,5.0,38,5.0
1,15000.0,209500.0,943.0,2.0,0.0,3.0,2.0,3,0,54,8.0,4.0,44,4.0
1,0.0,399950.0,1084.0,1.0,4.0,1.0,3.0,1,0,29,6.0,5.0,62,4.0
1,0.0,135000.0,672.0,2.0,0.0,1.0,2.0,1,0,82,4.0,3.0,52,4.0
1,0.0,425000.0,1920.0,0.0,0.0,1.0,0.0,1,0,47,5.0,3.0,43,0.0
1,24000.0,452000.0,1932.0,3.0,2.0,2.0,4.0,1,0,87,7.0,6.0,9,7.0
1,20100.0,512500.0,2166.0,2.0,3.0,1.0,3.0,1,0,87,9.0,5.0,26,5.0
1,0.0,480000.0,1874.0,2.0,1.0,1.0,3.0,1,0,49,8.0,6.0,59,5.0
1,0.0,245000.0,1136.0,2.0,0.0,1.0,2.0,1,0,33,8.0,6.0,52,4.0
1,5000.0,229900.0,1143.0,1.0,0.0,1.0,2.0,1,0,159,7.0,4.0,48,3.0
1,0.0,457000.0,2163.0,4.0,2.0,2.0,3.0,1,0,57,8.0,4.0,22,7.0
1,0.0,385000.0,1975.0,3.0,2.0,2.0,4.0,1,0,65,10.0,5.0,19,7.0
1,0.0,276000.0,1224.0,1.0,0.0,2.0,3.0,1,0,29,8.0,3.0,70,4.0
1,0.0,395000.0,2682.0,3.0,2.0,1.0,3.0,3,0,44,6.0,3.0,56,6.0
1,0.0,651000.0,3521.0,3.0,4.0,1.0,3.0,1,0,32,10.0,5.0,29,6.0
1,0.0,435000.0,2403.0,3.0,2.0,1.0,4.0,2,0,36,10.0,4.0,22,7.0
1,10000.0,465000.0,2204.0,4.0,2.0,2.0,3.0,1,0,76,8.0,4.0,7,7.0
1,0.0,590000.0,2673.0,4.0,2.0,2.0,4.0,1,0,41,9.0,5.0,40,8.0
1,5000.0,349500.0,1075.0,1.0,0.0,2.0,3.0,1,0,62,6.0,2.0,51,4.0
1,0.0,698000.0,2002.0,2.0,1.0,1.0,3.0,1,0,76,9.0,5.0,74,5.0
1,0.0,327000.0,1730.0,2.0,2.0,1.0,3.0,1,0,41,6.0,1.0,63,5.0
1,0.0,629000.0,2471.0,3.0,2.0,1.0,4.0,1,0,39,9.0,4.0,66,7.0
1,8000.0,199900.0,1230.0,2.0,0.0,1.0,2.0,1,0,74,5.0,3.0,44,4.0
1,0.0,400000.0,1872.0,2.0,2.0,2.0,4.0,1,0,39,4.0,2.0,95,6.0
1,24000.0,450000.0,2030.0,3.0,2.0,2.0,4.0,1,0,61,10.0,6.0,56,7.0
1,0.0,368000.0,2068.0,3.0,2.0,2.0,3.0,1,0,60,10.0,6.0,29,6.0
1,15000.0,515000.0,2022.0,3.0,2.0,1.0,3.0,1,0,109,9.0,5.0,66,6.0
1,0.0,455000.0,1607.0,3.0,2.0,2.0,3.0,1,0,69,5.0,2.0,3,6.0
1,10000.0,430000.0,1404.0,1.0,1.0,1.0,3.0,1,0,75,7.0,4.0,65,4.0
1,44900.0,607900.0,2590.0,3.0,3.0,2.0,3.0,3,0,87,7.0,3.0,38,6.0
1,5000.0,335000.0,1538.0,1.0,2.0,1.0,3.0,1,0,105,5.0,2.0,66,4.0
1,50000.0,780000.0,2755.0,3.0,2.0,1.0,3.0,1,0,98,7.0,5.0,3,6.0
1,0.0,205000.0,861.0,1.0,0.0,1.0,1.0,1,0,44,6.0,3.0,18,2.0
1,0.0,331500.0,2153.0,3.0,2.0,2.0,3.0,1,0,36,4.0,2.0,18,6.0
1,0.0,350000.0,1988.0,2.0,2.0,1.0,3.0,1,0,32,9.0,4.0,65,5.0
1,10000.0,448700.0,2584.0,4.0,2.0,2.0,3.0,2,0,78,7.0,3.0,25,7.0
1,0.0,284500.0,1635.0,2.0,2.0,2.0,3.0,1,0,37,8.0,4.0,34,5.0
1,0.0,350000.0,1200.0,2.0,1.0,1.0,3.0,1,0,35,8.0,4.0,58,5.0
1,0.0,320000.0,1431.0,2.0,2.0,1.0,3.0,1,0,58,5.0,3.0,46,5.0
1,0.0,270000.0,1374.0,2.0,2.0,1.0,2.0,1,0,112,10.0,4.0,46,4.0
1,0.0,339000.0,1844.0,2.0,2.0,2.0,3.0,3,0,34,10.0,5.0,56,5.0
1,0.0,300000.0,1432.0,2.0,2.0,1.0,3.0,1,0,21,3.0,1.0,67,5.0
1,0.0,460000.0,2001.0,3.0,2.0,2.0,3.0,1,0,53,8.0,5.0,8,6.0
1,0.0,250000.0,1219.0,2.0,2.0,1.0,2.0,1,0,56,8.0,5.0,17,4.0
1,0.0,158000.0,737.0,1.0,0.0,1.0,2.0,1,0,19,5.0,2.0,39,3.0
1,0.0,285000.0,1040.0,1.0,1.0,1.0,2.0,1,0,116,2.0,2.0,43,3.0
1,2500.0,172500.0,584.0,1.0,1.0,1.0,1.0,1,0,109,2.0,0.0,94,2.0
1,0.0,1700000.0,6761.0,6.0,2.0,2.0,8.0,1,0,209,9.0,5.0,128,14.0
1,15000.0,420000.0,1005.0,2.0,0.0,1.0,2.0,1,0,96,8.0,6.0,114,4.0
1,0.0,235000.0,1290.0,1.0,0.0,1.0,2.0,1,0,81,7.0,4.0,46,3.0
1,20000.0,745000.0,2061.0,3.0,0.0,2.0,2.0,1,1,92,10.0,8.0,16,5.0
1,20100.0,410000.0,2092.0,3.0,2.0,2.0,3.0,1,0,65,8.0,5.0,30,6.0
1,14900.0,405000.0,1304.0,2.0,1.0,2.0,3.0,1,0,91,8.0,4.0,76,5.0
1,0.0,515000.0,2350.0,4.0,2.0,2.0,3.0,2,0,64,8.0,4.0,3,7.0
1,0.0,132000.0,2176.0,2.0,0.0,1.0,4.0,2,0,110,2.0,0.0,99,6.0
1,0.0,13200.0,1800.0,2.0,0.0,1.0,4.0,2,0,104,0.0,0.0,52,6.0
1,0.0,38500.0,1560.0,1.0,0.0,1.0,3.0,2,0,61,2.0,0.0,52,4.0
1,0.0,61050.0,1100.0,1.0,0.0,1.0,3.0,2,0,108,1.0,0.0,57,4.0
1,0.0,68750.0,1534.0,2.0,1.0,1.0,3.0,2,0,93,0.0,0.0,51,5.0
1,0.0,7590.0,2006.0,2.0,0.0,1.0,4.0,2,0,99,0.0,0.0,51,6.0
1,0.0,7700.0,1630.5,0.0,0.0,1.0,0.0,1,0,105,0.0,0.0,51,0.0
1,40000.0,128700.0,1344.0,2.0,2.0,1.0,3.0,2,0,92,0.0,0.0,51,5.0
1,0.0,14300.0,1248.0,1.0,0.0,1.0,3.0,2,0,99,0.0,0.0,51,4.0
1,0.0,62000.0,900.0,2.0,3.0,1.0,2.0,1,0,219,3.0,0.0,68,4.0
1,0.0,16500.0,800.0,1.0,0.0,1.0,2.0,2,0,95,0.0,0.0,76,3.0
1,0.0,91000.0,2746.0,0.0,0.0,1.0,0.0,2,0,99,0.0,0.0,51,0.0
1,0.0,22000.0,1800.0,1.0,0.0,1.0,3.0,2,0,108,2.0,0.0,93,4.0
1,0.0,27500.0,800.0,1.0,0.0,1.0,2.0,2,0,124,2.0,0.0,73,3.0
1,0.0,28600.0,1584.0,2.0,0.0,1.0,2.0,2,0,56,0.0,0.0,93,4.0
1,0.0,6930.0,1630.5,0.0,0.0,1.0,0.0,1,0,0,0.0,0.0,51,0.0
1,0.0,41800.0,2000.0,2.0,0.0,1.0,3.0,2,0,0,3.0,2.0,51,5.0
1,0.0,20900.0,1630.5,0.0,0.0,1.0,0.0,1,0,0,0.0,0.0,51,0.0
1,0.0,27225.0,1380.0,2.0,0.0,2.0,2.0,2,0,0,0.0,0.0,51,4.0
1,0.0,15400.0,1630.5,1.0,0.0,1.0,3.0,2,0,0,1.0,0.0,51,4.0
1,0.0,86000.0,1352.0,2.0,0.0,1.0,3.0,1,0,0,1.0,0.0,68,5.0
1,0.0,115500.0,2218.0,2.0,0.0,1.0,3.0,2,0,0,5.0,2.0,59,5.0
1,0.0,2500.0,940.0,1.0,0.0,1.0,3.0,2,0,13,0.0,0.0,71,4.0
1,0.0,1122.0,1630.5,0.0,0.0,1.0,0.0,1,0,0,0.0,0.0,51,0.0
1,0.0,29700.0,1080.0,2.0,0.0,1.0,2.0,2,0,0,0.0,0.0,51,4.0
1,0.0,308.0,1630.5,0.0,0.0,1.0,0.0,1,0,0,0.0,0.0,51,0.0
1,0.0,1122.0,1630.5,0.0,0.0,1.0,0.0,1,0,0,0.0,0.0,51,0.0
1,0.0,6380.0,713.0,1.0,0.0,1.0,2.0,2,0,0,1.0,0.0,51,3.0
1,0.0,88000.0,1026.0,1.0,0.0,1.0,3.0,2,0,0,2.0,0.0,51,4.0
1,0.0,22000.0,1630.5,0.0,0.0,1.0,0.0,1,0,0,0.0,0.0,51,0.0
1,0.0,3575.0,771.0,1.0,0.0,1.0,1.0,2,0,0,0.0,0.0,51,2.0
1,0.0,42900.0,1664.0,2.0,0.0,2.0,4.0,2,0,0,2.0,0.0,98,6.0
1,0.0,74250.0,3356.0,2.0,2.0,1.0,5.0,2,0,0,1.0,0.0,51,7.0
1,0.0,99000.0,1214.0,1.0,1.0,2.0,3.0,2,0,0,3.0,0.0,113,4.0
1,0.0,29700.0,988.0,1.0,0.0,1.0,3.0,2,0,0,0.0,0.0,51,4.0
1,0.0,162250.0,1470.0,1.0,0.0,1.0,3.0,2,0,0,0.0,0.0,51,4.0
1,0.0,63800.0,1630.5,0.0,0.0,1.0,0.0,2,0,0,1.0,0.0,51,0.0
1,0.0,115500.0,3858.0,2.0,0.0,1.0,3.0,2,0,0,2.0,1.0,73,5.0
